project_id,op_atlas_id,display_name,metric_name,measurement_period,amount
a71tbYAPlOpIwh4+Y591PqZ/kYIbS4qRRpQ8WH2w4oM=,0x3526b9c6fdc34076d7d2c31893b94e760f4d5a010387b6b76b45f8b5577ceb98,Gyroscope,gas_fees__feb_2025,Feb 2025,0.0007900887258555809
0IoaqfH0mkl61jIvWC/JWobbYPP2gn9rTTSuF2/Ydew=,0xafca3591b83586f14e21b397135b95af668f5ebb54cb45053af44a73df7d7640,Layerswap,gas_fees__feb_2025,Feb 2025,0.03042504878103933
sw8ehEEk8y0FK2GSDVnFLz7M9erX6RSQdSAgGDmiwEs=,0x517eaa9c56951de89261f2d7830ea49aae92f2a903104a17d9c5c2edd4959806,LI.FI,gas_fees__feb_2025,Feb 2025,6.1882758608644775
g1pi0NuLcPtSAjpxGRMTIM2ZRs5y6h3IpcW0PRKvSQo=,0xfc54b4a9c537be25238cba3f05100b733aeee83a3eb3fdae60d651b3b913390c,Multicaller,gas_fees__feb_2025,Feb 2025,0.20129563426625077
GPkPw2+sHiMSo0u65ZfnIeqLYHIGvf+ZI+BtpSZG6KE=,0x5c76f623580566171af2a9553e8b7b230acc71aeb8829446d5eae2579ecda369,WebHash.com,gas_fees__feb_2025,Feb 2025,0.006467186532296773
R/s1bYEjmNlJ2C9XthjT1evUQ14obvGzmvmaIcTiSNY=,0x44ca2c89a912ec7e3f2a38aaecde63044fcaa3024839eb628081a3bcba9c0490,DackieVerse,gas_fees__feb_2025,Feb 2025,8.123503165345902e-05
2d1UftVv4xC+BHialsxoPjC1WJDySvOpnH9o+3sQFYc=,0x85bef37b528ec9d7e1a9cb864e298e3c117071507acd3f522c28561435d167f5,rhinofi,gas_fees__feb_2025,Feb 2025,0.011906300256486823
iXR35Xnzm4ioS5d0Eka/UAnUN9CHj4iasG/B8CgiWP8=,0x7539f43dc91f9c406c83a06339708e4033cdbf630916c6dfb9de2b5ef811affd,Seamless Protocol,gas_fees__feb_2025,Feb 2025,0.36136191381473354
ZpLND65a7Iy7VJrIjdjCjrQzAFi4JaJpkYeg3DJlrsE=,0x91a4420e2fcc8311e97dad480f201a8ce221f2cd64c2de77280cbcc6ce193752,Layer3,gas_fees__feb_2025,Feb 2025,14.132609050604746
OVIxgHj4N8zf/sBSYEBssZf0Nyz6mCaIEJa0exm7PoM=,0x7974baaeef5e3af2e165a0911471ccddcb47d8ca74438558a89abb515aa64275,Krystal,gas_fees__feb_2025,Feb 2025,0.4903813248934891
db8LWE2icLZuD0o0yjqQoxT4+oXvlmHMVT4O2TqKJCo=,0x79159d9bd4981ce68651fb4d585fd5827215309e503f46209adb0ec438f71b30,Slice,gas_fees__feb_2025,Feb 2025,0.11392689981864705
iNNzyDb1b6aPQ291ha6SmzQdeiZctC/fFM3CohvMmXI=,0xdce84cb69d195ad28d7dcf878c7b43b284b7f5c2d2df5c0bc0f1e6d486bad786,JOOCE,gas_fees__feb_2025,Feb 2025,0.017376890706151515
xIbbe0c5UuvK+FcT9NA6+83THJRxj1w9FnFI1PaYAGo=,0x82edc3ac2a03da21c5a6033159ba8e97aab2f61dc5d1d9813929fea6d6c35362,Superform,gas_fees__feb_2025,Feb 2025,0.3556614058023322
H0Wcz4f5bYNrMNDSdwJt/pRqNRK2olM1vl2qk15M+4o=,0x4eaa0df4cfbda85126db57a231598d33c283b8aacf3a441539877ce7e17be22a,daos.world,gas_fees__feb_2025,Feb 2025,0.1519769402104404
XfpYvFk/xJ0pvTt79xWtRwuMnekQrcIH2Mflz97Lo3E=,0x2a2d2dbfa03619094fbeb6474776f2f3b5f6be443c8576abc6f3caa2c18dc45e,Morkie,gas_fees__feb_2025,Feb 2025,0.06129615575468727
JbP9BR4xjNu+yvhnSQkWqjlTW33drd+NLR8HY0uie84=,0xe5c133e05956a3939b9a78f4ad5d0a897a027da60a7d5e1b6276a2266211f69f,BMX,gas_fees__feb_2025,Feb 2025,0.30181825831326325
46oGoJxfh3hgKRcdb1vV4roA6oGVgyRXbycfPk/Q5x8=,0xe6371e0b190ff5db00617519599cbbafe719db0386e42a0af106b8c7f9161b63,NERZO,gas_fees__feb_2025,Feb 2025,0.007461532624240392
jxyZJmCIfOjgmygX+xfrjrczCzVNGl6y/3qNAN+b/YI=,0x0674e95c746371103249c2c987d64515a4ed5c19dc3fd6a7338f7716ab8afeb4,SnakyCat,gas_fees__feb_2025,Feb 2025,7.0893460840087e-05
mdb4FjuCCmOI5Tc+xwDeXfQd/1Nm2o7JZy8ZHzlxC9o=,0x259b729af86ba38c0c84be9b739dfbca109a6df985371d8cabd43116d18d7a1a,Flaunch,contract_invocations__feb_2025,Feb 2025,994689.0
yHC4i4mkg5sXaXOF4Mih0UyHDYVS7+0+9zuqnDFvClY=,0x8f7edabd00cd8a9bc0065eec465bd3d97ebe3f4632c8d3d52b336a9bc1d8fb3a,SuperSwap,contract_invocations__feb_2025,Feb 2025,25919.0
5/9fRbVoDF7pHwBdiMbNUbKhidEt/12Ojt9f8cWoZnQ=,0x08df6e20a3cfabbaf8f34d4f4d048fe7da40447c24be0f3ad513db6f13c755dd,Velodrome Finance,contract_invocations__feb_2025,Feb 2025,25050648.0
AWt4h9zeTVKtlCCptcCdxAqt1P8tHvgZLjpDLlttfmc=,0x740297a85de756f69945e2cfd9d439598cdb06a70e409e91664c701f5c0af34c,TOCD Studio,contract_invocations__feb_2025,Feb 2025,470.0
BXpAWjeSIrRWSlHT561SHU4JKO3BHpomlfoXzuQvE0o=,0xd17c16ed0ff3c31ae81ae9af4070a2150db0be538cabcb720c67cc5f221d3965,World Billboard,contract_invocations__feb_2025,Feb 2025,13673.0
i7+GWX1oIywd4Pd5yL9aZAFhBIjY40c48Yg4BXFKW9o=,0x8efcf1b6e879bb6ec89d5982b8da840757053731b8972c4a07a6ce9b6ffcfc89,Blueshift.fi,contract_invocations__feb_2025,Feb 2025,9787.0
46oGoJxfh3hgKRcdb1vV4roA6oGVgyRXbycfPk/Q5x8=,0xe6371e0b190ff5db00617519599cbbafe719db0386e42a0af106b8c7f9161b63,NERZO,contract_invocations__feb_2025,Feb 2025,27107.0
23XIt7EgzQNc2AdcEzTg7GbjT5kKY1lNFfmcGQvrkWA=,0xefaeef1446de875ab6e50d31c8dbe776f99d884cb8cb68d50b1384067e4aeb6b,Synapse Protocol,contract_invocations__feb_2025,Feb 2025,134094.0
MSfDkUunLKtfuMRdZuSxuemESQuIWKFCh1O6ySIEUs8=,0xb98778ca9ff41446e2bc304f7b5d27f0fa7c2bcd11df19e22d1352c06698a1f6,Account Abstraction - ERC-4337,contract_invocations__feb_2025,Feb 2025,3830181.0
g1pi0NuLcPtSAjpxGRMTIM2ZRs5y6h3IpcW0PRKvSQo=,0xfc54b4a9c537be25238cba3f05100b733aeee83a3eb3fdae60d651b3b913390c,Multicaller,contract_invocations__feb_2025,Feb 2025,748928.0
l5D8eaAKqeJb+R8Q94GmrcZiPuwEgmZjQK8GKQiIYDk=,0x867b0364ac86ff4cc61a47ee99a0f96c8b952af8728442a048f7e3ac5892aae9,Gaslite Drop,contract_invocations__feb_2025,Feb 2025,53378.0
K8y2l5sctus7C4k9W4DfdC+e1OC01pqrvTROnUpMkgk=,0x8997fa34367532a9072ca36c424498162980303a8d36fc49d58c5ac7daac9311,VRNouns,contract_invocations__feb_2025,Feb 2025,45.0
VsbnIqH0Z8ErW7VixsMTGcLVf45E645bcxAVcD/KZT0=,0x3061b642db56c507e265f03029735b0413a613bda43456a31e78128baeb18754,Aave,contract_invocations__feb_2025,Feb 2025,4997563.0
gw1/n9hvDoPA0W0U9NMZ74RsNSQViz+i6ArfdDqPn8E=,0x3d009f8f7c1e8a3bcbc81ca8ed60d2e86b956dd0fa68c4595f851be37052a2b5,Guild.xyz,contract_invocations__feb_2025,Feb 2025,125339.0
CLooyJmWtPF9yQUB4BsGdmBM/qHmQIddyhAY91j/lkI=,0xe11a4f107e474ae204a45e4f674f6d422f2230c9675f9ebfba1eb2af217c2d1b,Eat The Pie,contract_invocations__feb_2025,Feb 2025,6110.0
/Hxq4RTbKkeetoxVgusMQJX3vx6CFQQU8oZccJFAvmg=,0xeecfa614f020c2ea4c2eb431246befedf35ddc6c52cfaa83d0c4caf2f580f9f4,doginme memecoin,contract_invocations__feb_2025,Feb 2025,85432.0
xIbbe0c5UuvK+FcT9NA6+83THJRxj1w9FnFI1PaYAGo=,0x82edc3ac2a03da21c5a6033159ba8e97aab2f61dc5d1d9813929fea6d6c35362,Superform,contract_invocations__feb_2025,Feb 2025,136734.0
WCwKOQkL47c1qQ2wVcJ1IcpLMGIXmFHflr4UVQsagVM=,0x513265758a3804184b6a0771d99c1a4b04d3267bacd4b914e89ff991de229f6a,Create2Deployer,contract_invocations__feb_2025,Feb 2025,5055.0
gsdS6IBEk8Q9DoxMTexanVBfgLI1UzAPsWaZh21PZBg=,0x0e5d90c5b5b75851d02f8286e78ed3b7af85d6920ca92a0f73cdc268fff185c0,Moshicam,contract_invocations__feb_2025,Feb 2025,3596.0
Ze2CblnBaz2Apm6a00KjwAZ7N4K5yxDUpXlK+mDkwJw=,0xa88844cea135382e3484e39c3172033437121b35ca0bc8b10b9b8253984876b5,Ethereum Attestation Service (EAS),contract_invocations__feb_2025,Feb 2025,99896.0
D/phNjIkMkuESYi0XbICo299wHOagQbo2WSAyODxDp0=,0x62e37e96aa6e1cbfb6bd24b97c4b8f1e12cc3fe35d5388d2f041c42a12b40745,Stargate Finance,contract_invocations__feb_2025,Feb 2025,898789.0
EGnIDudfUQWj4qmCCyERNT/b3h/3l1STaJjMaUmG6es=,0x24937e547db8ac83965a3d781ef7fe2861f9bbf79828cbc60fcc0598213c5b0a,Echow,contract_invocations__feb_2025,Feb 2025,3685.0
tXGS6SGDHNL8TAhS+fj8+qzF7+FFbx0qJrdfVY2j62I=,0x93b1eafeb62f6cd5099ad82068763c1fd21f9d881c4e1a474ab854876ea84441,Based Year 2024,contract_invocations__feb_2025,Feb 2025,23.0
0L11pj/6WGXOemNtNgE7vay5aRrGaEJ9WPG5YP9Xts4=,0x55c2b578a1e34fbbc872dd8736b8e7dda4c87d12522db966f1bf3e75af900f13,WorldPot,contract_invocations__feb_2025,Feb 2025,345.0
kzVtJyjzFHc1PHeVOLOQBylRu9CEXQs0ViUbfhERY70=,0xf9513b5bfca3be3513450bd56b48ae485ce157aa56c1d8b2e06a68bce0b8d084,LeverageX by Javsphere,contract_invocations__feb_2025,Feb 2025,194313.0
usDyvf5/FbrSIBD+zIg7Gl4TGIe3HiKC7H8gXOLfNB0=,0x4243a08e8c46ffd7c6249ef02baf09b98dd2c086a25ddf76f723b82b3c93b71f,Virtualia Magazine,contract_invocations__feb_2025,Feb 2025,66.0
w5IsGVcdo+bpiRrYuOuxPpNKmmWP+fKCDDRKWF0fuMY=,0x2e0e80846b4d52b126f3c9a20a01876bbcb80de67befe916870c5d8736af6c2a,Builder Score,contract_invocations__feb_2025,Feb 2025,6468.0
rxrN8HnLLV8SOP3md3NfXpntywh7F7n5fuRMqFB3Upo=,0x4288aacdda65af69c03b2c9b9d057e2b93ed1b7671e481b03c6a7b33349d2365,Aerodrome Finance,contract_invocations__feb_2025,Feb 2025,163936908.0
Qh14iOZBPtSPGbuqtJ8wIL11rSdu0gBx6RvzUt9V9sI=,0x913ca97cfc8b587734059e4df9cc6de28ef590727e13e1b30ae9a57bea881731,April Token,contract_invocations__feb_2025,Feb 2025,71.0
f9XY1drAwGvq0ipsMBC3S+hi/BnAOW9s7YSx7LA0qq8=,0x1d3ec77661554ddaeab18519930b218ba5185016a0e770ce4664a831a1eef7f4,Larry,contract_invocations__feb_2025,Feb 2025,374.0
shVzoDEk43o/o3eLSpahwHfj/tn5zrcHqS8SYUzufrA=,0x17192aa9ad034d44d99abdcea664c21532e69f865eb7824d10db09e94e7418da,HAMsters,contract_invocations__feb_2025,Feb 2025,522.0
Ev7dKCphBYkf+NNT80NfBdyEIVWwBZc/1xctF4i+V2A=,0xfe8e35b3487bd0e0457b9431b12b73403ca1f5c9c19dd1db81a2317c97c1e1a2,Stoke Fire,contract_invocations__feb_2025,Feb 2025,554815.0
R1GLGswje04y83WJr2mIPpUxPl+F5hQCZaR19YyXhGA=,0x4b987d79912367ada6c3fa1bf6ad1daa6d164078f8c5efc8db2128b9231087a9,Sturdy,contract_invocations__feb_2025,Feb 2025,900.0
tnIsq+BWiIkXbY18UI8L609BBs89EO4o+MJ3+hmFsAA=,0x9e50828e261179c6d1a5c107c7c2c16907b4b529fef416f64af781c5b2ff29d1,Amazing Hunt,contract_invocations__feb_2025,Feb 2025,32.0
y3k6Rt51vfFOeCM/kbTF+KTmd1rv1z70eWqp2Xtv4rU=,0xc55fe3df4a2689935cc0a4b912e3f913de7a8c1c6758370550aaf25a949ec79c,Golden Otter,contract_invocations__feb_2025,Feb 2025,39565.0
eQqgI+0QbOMFFc7BRVNZGqxKr1lvAGNLl3Sr1/VEKuo=,0xe672c4e1230d7870e73e2ba6a9c5389f321dde735289bf33575e163a6ea2f00f,Got Vision,contract_invocations__feb_2025,Feb 2025,6110.0
nckCvGKDs0P9bf7kRCdh2afi3oujVYloGf/8XipTY5M=,0x0d72f0fd9ca1d475f2fc199ebe456f80212d24d02d9dbabca6137442e61c5f3f,Infected,contract_invocations__feb_2025,Feb 2025,110600.0
YQs1yyGOSRlEd1a+Rrg179+4RuUlQOCLs+3LHa48xco=,0x959c370aa6c127bdd45ba3fcf97242457ac09f0e3e12457b01f345bd10843c1c,ArtGridz,contract_invocations__feb_2025,Feb 2025,32.0
8Y5qG9yF+MFlTqxjDUfp0DOCIFutLjdvd6uwdZk+X2c=,0x5316b19c17eba417d70b924baa6a1c467b14069968424d14fcf1409f2a308873,Bored Town Launchpad,contract_invocations__feb_2025,Feb 2025,5.0
1Ll7MLXCxNJFxQCuBEdRnRVk164keWjynVtQJF++xGU=,0x512f97f1de28ad530f752d53bf4f56ed16d34a3121f0512cd5a0485c2074b312,Extra Finance,defillama_tvl__feb_2025,Feb 2025,93446805.99839501
57FvWwsyNX2cCoYXRlrD084qD9kG/nh1tYNWPswNSs0=,0x4d71401a0dbd9b3dd890fbc70baaf872d16db80af149e20f7ef1805fc94f6df6,Router Protocol,defillama_tvl__feb_2025,Feb 2025,10027.556176428574
g4qi9EqhPO1tGvlPtWynCaP71tw4Gjrzc+UokJDZz2Y=,0x18e7582de42dd9a7fd2cb69fb6566b8bcb3e86b936b229b0c5af78fa1de791a4,DackieSwap,defillama_tvl__feb_2025,Feb 2025,390271.4464982145
+Xyt1tUxrXrbR9UH3h/0BmCBJJpBDBuFyJFBdmt/U44=,0x46d819ee72e9b51fb0175286e6ade010776b39cdb56aee88bc9f39501050eb92,Team Finance,defillama_tvl__feb_2025,Feb 2025,105887445.42283534
7o3rQns2QxmMIyr/Lp6EXIqBE9mvqX+1V6tQ8g1t/MM=,0x000c2ce4773defb3010a58d3800d0ec9d432189c574ba26d3103f1db44a5af6d,WOOFi,defillama_tvl__feb_2025,Feb 2025,37780929.243445694
JbP9BR4xjNu+yvhnSQkWqjlTW33drd+NLR8HY0uie84=,0xe5c133e05956a3939b9a78f4ad5d0a897a027da60a7d5e1b6276a2266211f69f,BMX,defillama_tvl__feb_2025,Feb 2025,3895101.0861967867
b0ma4f7o65FUNGRC2R4eb8Fo7DB6imYfqrM3S0JQ4tc=,0x70ba3cb2e433f1cd9ace8aea84c46d167ba5db12293cd108eaca068d06be3a71,Gains Network (gTrade),defillama_tvl__feb_2025,Feb 2025,29011285.794492498
OVIxgHj4N8zf/sBSYEBssZf0Nyz6mCaIEJa0exm7PoM=,0x7974baaeef5e3af2e165a0911471ccddcb47d8ca74438558a89abb515aa64275,Krystal,defillama_tvl__feb_2025,Feb 2025,7656.060357142858
xU438Viei8ELWQdDgR6NraNpkl1TUXbnHjaCd5NN0QA=,0x18923b60296e26a8ce35a0b4754cd6fd5427b2820a202f82901c826794fdbc9e,Sake,defillama_tvl__feb_2025,Feb 2025,5835659.1719525
LhmNJDpUL4rqmFhVZn3LA/7JHVuRJ56GF9HoGUUhzt0=,0xff350d81524a79a1062f5f4977b45406b822fb4f150ba5a8516b0edf876add0e,Hermes,defillama_tvl__feb_2025,Feb 2025,181870.4466692857
wBCRJMqM8KTnoqC0KsyDhf/hW7HF0wFgU9+ZacWz66E=,0x692340d3ec51f53411126f8247003e2b87b113cfdf4a322b4e38d6bbe5822c5f,MemeWallet,defillama_tvl__feb_2025,Feb 2025,5735.2114682142865
FT3wZj26UAebMH4ywu7oQvrie1GQSmu9aogl40bsCWQ=,0x0008577196fa6ec286440b418e2f6305fc10e62ce759625d826be272ee6b45a3,CreateX,active_addresses_aggregation__feb_2025,Feb 2025,149.10714285714292
nrBN5UU9cny2/KPrQFVI7k6AOnIRr7gYok3UIwdpq6c=,0x3ecbf66c1b21342b26acb0f7d4c6b8bbbef168ffafff3f425de3503fd8dfa535,Superfluid,active_addresses_aggregation__feb_2025,Feb 2025,271.1785714285714
EWGl5CyDKCdw2krkHJwc8V1FoELaCSXGUis9SHr2+fs=,0xd765664dd27255f1ba341fbb3375439a57fb6a92313df2f7af7856233f415ed7,Linkdrop,active_addresses_aggregation__feb_2025,Feb 2025,62.49999999999998
XfpYvFk/xJ0pvTt79xWtRwuMnekQrcIH2Mflz97Lo3E=,0x2a2d2dbfa03619094fbeb6474776f2f3b5f6be443c8576abc6f3caa2c18dc45e,Morkie,active_addresses_aggregation__feb_2025,Feb 2025,1836.6785714285709
xyqCuzyp2siN+L8QgwpvSjTruF2y+tvB++HwqdWDFXY=,0xa1f96576ad998e804140caccd478bae81b8b1059a107166df87b59fbf42c9e4a,OnChainGM,active_addresses_aggregation__feb_2025,Feb 2025,1902.9285714285702
5/9fRbVoDF7pHwBdiMbNUbKhidEt/12Ojt9f8cWoZnQ=,0x08df6e20a3cfabbaf8f34d4f4d048fe7da40447c24be0f3ad513db6f13c755dd,Velodrome Finance,active_addresses_aggregation__feb_2025,Feb 2025,15996.035714285714
Js09gjzwO4g6aeV2Fb+ZNlHypJc4DlUozk3enNLotIc=,0xcbfdcf8f724d73504d1518d5ecd7d7256b12d37e68cd84569b383bfb6e2eeea4,Dmail Network,active_addresses_aggregation__feb_2025,Feb 2025,3630.392857142857
4dqHjI/pEtyPjvZVF5KMQ2gz2K9ah7yeFGwbfXSpRxA=,0x1f60db63651f74e2fc8b3ff900d05142552a763c31caf3a8c8e62b0953f02bf2,SuperVol,active_addresses_aggregation__feb_2025,Feb 2025,1200.0
fN+LFwTxCdNTzXYD1xfU/hGSxIMv9/pSE/AQlo7GzVM=,0xf4e56e0c6654d6ef621191708f27ee20242462f541d3e79dc5512e1a10d90736,Eggs Vault,active_addresses_aggregation__feb_2025,Feb 2025,3.1428571428571423
x91Urxvh3gomZ6NPe6Ze1RC30INtlzy4nlOwvxwRQnw=,0xfd9f98de666c5b0a5ce96d4a4b8d4ceee9f8c2156734d57bf6c23d0cff183e90,Kim Exchange,active_addresses_aggregation__feb_2025,Feb 2025,60.249999999999986
JTetyUvTgu3P3fKekPJHOjCG1Uuv2TfuDHm9hjADzPM=,0x149bc5c396fd3dccac39c92164bb6b8bccc4d215321b58e241af07a76616e031,Hop Protocol,active_addresses_aggregation__feb_2025,Feb 2025,30.750000000000004
gShBUgODnfUHQo2svXnecUd6kG22drV+Og4nxdq/82k=,0x2c1d2ae68e4a718a04a41f1a9fde1ed0648602e08c150e3f72d3dc7ef22dd71a,GM,active_addresses_aggregation__feb_2025,Feb 2025,65371.42857142858
kzVtJyjzFHc1PHeVOLOQBylRu9CEXQs0ViUbfhERY70=,0xf9513b5bfca3be3513450bd56b48ae485ce157aa56c1d8b2e06a68bce0b8d084,LeverageX by Javsphere,active_addresses_aggregation__feb_2025,Feb 2025,73.53571428571426
imahnjIpbGgSkNyqkOjhlczoUga8ECPoEpirrLs68jQ=,0xbcb5c437d5347be21add3972512679054416805274f80e85ab8053ae79340a69,Ionic Protocol,active_addresses_aggregation__feb_2025,Feb 2025,183.07142857142858
mdb4FjuCCmOI5Tc+xwDeXfQd/1Nm2o7JZy8ZHzlxC9o=,0x259b729af86ba38c0c84be9b739dfbca109a6df985371d8cabd43116d18d7a1a,Flaunch,active_addresses_aggregation__feb_2025,Feb 2025,212.4285714285714
23XIt7EgzQNc2AdcEzTg7GbjT5kKY1lNFfmcGQvrkWA=,0xefaeef1446de875ab6e50d31c8dbe776f99d884cb8cb68d50b1384067e4aeb6b,Synapse Protocol,active_addresses_aggregation__feb_2025,Feb 2025,296.78571428571405
VsbnIqH0Z8ErW7VixsMTGcLVf45E645bcxAVcD/KZT0=,0x3061b642db56c507e265f03029735b0413a613bda43456a31e78128baeb18754,Aave,active_addresses_aggregation__feb_2025,Feb 2025,4579.107142857141
/Hxq4RTbKkeetoxVgusMQJX3vx6CFQQU8oZccJFAvmg=,0xeecfa614f020c2ea4c2eb431246befedf35ddc6c52cfaa83d0c4caf2f580f9f4,doginme memecoin,active_addresses_aggregation__feb_2025,Feb 2025,167.8571428571429
CFKotAGe0czMhAGy94iDJA4xQ48OLiKDZ9SfTsWvutE=,0xca3f26e1c876e821d2384a5cb699c6be494f9810301c2e2be49c232656262642,BaseSwap ,active_addresses_aggregation__feb_2025,Feb 2025,473.0000000000001
rV6VRIUtgdaeu5+g1y7vloRmK9sbBEl3rFCs1r7OR7A=,0xb926ab918147d2264dba94a429eb07986aa533fd6062a78736d3eda4e0b4a69b,Oku Trade,active_addresses_aggregation__feb_2025,Feb 2025,1.3571428571428572
db8LWE2icLZuD0o0yjqQoxT4+oXvlmHMVT4O2TqKJCo=,0x79159d9bd4981ce68651fb4d585fd5827215309e503f46209adb0ec438f71b30,Slice,active_addresses_aggregation__feb_2025,Feb 2025,5.428571428571429
skDPKeyDWR3XcKKNuFPI/Ef65tIZxbNSiGZcZo376jQ=,0x6fc25d7c763441933c53333f0f9105b37cc74d88f21ef61b3b7eaf94cba45bfb,Amped Finance,active_addresses_aggregation__feb_2025,Feb 2025,0.607142857142857
xIbbe0c5UuvK+FcT9NA6+83THJRxj1w9FnFI1PaYAGo=,0x82edc3ac2a03da21c5a6033159ba8e97aab2f61dc5d1d9813929fea6d6c35362,Superform,active_addresses_aggregation__feb_2025,Feb 2025,583.6428571428572
NLj2mhenkGEK3NfYV1RiiO/SkcD4s/WjJdxaH90crnI=,0xdf92f936b0ddd6c5a944d3e2be594168ea108b0909e510b955333c5ef0b40242,ethOS - The Ethereum Phone,active_addresses_aggregation__feb_2025,Feb 2025,5.607142857142857
46oGoJxfh3hgKRcdb1vV4roA6oGVgyRXbycfPk/Q5x8=,0xe6371e0b190ff5db00617519599cbbafe719db0386e42a0af106b8c7f9161b63,NERZO,active_addresses_aggregation__feb_2025,Feb 2025,719.1785714285713
1JT70BN2/Rwx6aSj0KsAtMwm544c8iMGSkvndKJTFZ4=,0x7fe1f445a110236c7355b3abb2d7fe8c02e32f400253b9b134ad6ab7afc0f6fc,TapBase,active_addresses_aggregation__feb_2025,Feb 2025,5.0
qpgChJsGqtFnDQQU8CdZ8Ab5N/OjV4xdwEw5irdZl4A=,0xdba6f6be6f7cddd6b7f291292ab4179ad4dbe92fc8a85612f76dc67fc480a8a9,LasMeta,active_addresses_aggregation__feb_2025,Feb 2025,1876.4999999999998
Ev7dKCphBYkf+NNT80NfBdyEIVWwBZc/1xctF4i+V2A=,0xfe8e35b3487bd0e0457b9431b12b73403ca1f5c9c19dd1db81a2317c97c1e1a2,Stoke Fire,active_addresses_aggregation__feb_2025,Feb 2025,949.2142857142857
zpXh+xI4A77C9Y/ortXA0jU/33Zj+QztUOpW3hJ+w8A=,0xe20f59eb1c8f9cb72e07b8d0f067bac997614fd6db06d8c031c5c9235f760dcc,L2Pass,active_addresses_aggregation__feb_2025,Feb 2025,29.28571428571428
i7+GWX1oIywd4Pd5yL9aZAFhBIjY40c48Yg4BXFKW9o=,0x8efcf1b6e879bb6ec89d5982b8da840757053731b8972c4a07a6ce9b6ffcfc89,Blueshift.fi,active_addresses_aggregation__feb_2025,Feb 2025,14.142857142857142
/2hjsm9xH1NvgIs/dHx5VOVM4ml/C6hfQu97wBgdpfo=,0xd35cc78b456bf11d4acc96d2c227b29fa4115ad9d93ae211a31974a408ed8303,Diffuse Data Feeds,active_addresses_aggregation__feb_2025,Feb 2025,0.24999999999999997
y3k6Rt51vfFOeCM/kbTF+KTmd1rv1z70eWqp2Xtv4rU=,0xc55fe3df4a2689935cc0a4b912e3f913de7a8c1c6758370550aaf25a949ec79c,Golden Otter,active_addresses_aggregation__feb_2025,Feb 2025,0.21428571428571425
7EueslOSAcOTAgLquDFENtOlSVcp6+Ti4F4AJDjHiBg=,0xc8ce0bfc7cd141c57a816cce213471208a1f6136c7aed5282c2c41b434006518,Bedrock on Optimism Superchain,active_addresses_aggregation__feb_2025,Feb 2025,150.75
1TLTRUof21yQ9U4hpzbBFOxsAYwtkoq1KsBpe3xQgtk=,0xc3a50c1784f3ac4fc8ae72d07cf0bfcf933e3d23ffb5a3ab46263182a098e617,remx.xyz,active_addresses_aggregation__feb_2025,Feb 2025,12.25
AZ2Cqzo/nAUqbj7th1e993Xfpf7qvT2WvHlomSZQ78o=,0xa2a580dae44336df1cbcb7a5303880f393068fb96116e10e180e10f5745dccd4,fxhash / $fxh,active_addresses_aggregation__feb_2025,Feb 2025,44.92857142857142
EiimK/OjLUXPLh91Eh3t7O5IPVEiNNykVTjSu2fbyx0=,0x533b2f5a5496206f22fc2fa7bf4343db0318c1b2598f9dd2098eacb42a8bae67,Chimpers,active_addresses_aggregation__feb_2025,Feb 2025,2.3571428571428577
12zkxLUMRU5rtnRi6MToafW1bkyD3yn/ksFVk/OE3+0=,0xee345ddf96e54920ab4b32bf055b6324ca49dcce0063787137557de0a3b20d35,F1337,active_addresses_aggregation__feb_2025,Feb 2025,0.21428571428571427
co0ICqxqrmJ9a1EsZhd2V7DDmDv1pfaIAxANttA9fBw=,0xc42d914c33ae90e388d0129dfcb43b0dcfe66272876b636830b9556d492f1a45,Mugen Craft,active_addresses_aggregation__feb_2025,Feb 2025,0.21428571428571427
OF1V6dVTQOyDRB5uGdm4yvqv6vkP4TlM22Q/wyrZUZI=,0x8f4ac538c2ad2092565a751354d1f11edf4eb3c1ab435de677d2545249f2b744,Fabrii2K,active_addresses_aggregation__feb_2025,Feb 2025,0.07142857142857142
SUaETe9RSmxA6e5SBseHYYZJylEoxPRSMrdjhHoh55I=,0x92f33d0611c514cafbf54780ec7925a6080a37a192683444c30116cb099d95e7,PinSave,active_addresses_aggregation__feb_2025,Feb 2025,0.07142857142857142
FtR3yU/WmvB77sgIAosTTO8ZpYKa4lUQU9iXu5XQjWI=,0xe2ef3fbfd10df401a0221939359e96af29805db8936c1199ae7532262c69ec5f,The Button,active_addresses_aggregation__feb_2025,Feb 2025,0.03571428571428571
ujotQ1D+YnXHFVrSwoa3pj8b5jOvXNPF0rfALNIG5GI=,0xe95adf2385dce0a2d8117a410d0a9adcc40710da9cd6d5abdfcb66454a80e59b,tinyass unicorns,gas_fees__feb_2025,Feb 2025,0.00020370886970108899
whSzne13utJrOkyjbU5X3xEuZbQPNrNOHTiQKzQFJlU=,0xb60780abaff82da08ddb98703d6792d806f03f190f6dcd7d0b8e7346533bd4eb,Web3bridge,gas_fees__feb_2025,Feb 2025,0.001552621583739339
ZYxDUEvRWLmr9Tpf2u0ztP2fVUg0H0NLROMVdJQNDRM=,0x260127629089be48b8b1ee07c8962451a7f54374163217c7e72188d1ffc8749f,BakerFi,gas_fees__feb_2025,Feb 2025,0.007192601287061735
AWt4h9zeTVKtlCCptcCdxAqt1P8tHvgZLjpDLlttfmc=,0x740297a85de756f69945e2cfd9d439598cdb06a70e409e91664c701f5c0af34c,TOCD Studio,gas_fees__feb_2025,Feb 2025,0.018235934598487144
uAWTL5naoNXYNpp7weim8ypopqmN4+H9fO7/1wOjpeA=,0x800707befd6c94e7cea794200a6fee1155e54ca94bc10ee85d15c3f23845b10c,Ethereum Follow Protocol,gas_fees__feb_2025,Feb 2025,0.010966747208774559
EiimK/OjLUXPLh91Eh3t7O5IPVEiNNykVTjSu2fbyx0=,0x533b2f5a5496206f22fc2fa7bf4343db0318c1b2598f9dd2098eacb42a8bae67,Chimpers,gas_fees__feb_2025,Feb 2025,0.000459972770524509
zVWBMiOJHTeEPXEgWSl1B+tsS8W9vwfv2QU32ANB8yY=,0xae3efd865f9584671ede5e94c83190b0aea5ac5d77eb0179ba849bcaae314546,Base Logos,gas_fees__feb_2025,Feb 2025,1.2850373034582001e-05
g4qi9EqhPO1tGvlPtWynCaP71tw4Gjrzc+UokJDZz2Y=,0x18e7582de42dd9a7fd2cb69fb6566b8bcb3e86b936b229b0c5af78fa1de791a4,DackieSwap,gas_fees__feb_2025,Feb 2025,0.07349503583035107
EGnIDudfUQWj4qmCCyERNT/b3h/3l1STaJjMaUmG6es=,0x24937e547db8ac83965a3d781ef7fe2861f9bbf79828cbc60fcc0598213c5b0a,Echow,gas_fees__feb_2025,Feb 2025,0.006402873007843674
7Iv5H47guOZI+q3EgByroFWR0Dw7uoImhWPboCDC0FQ=,0x182f5a5c04ccdc4739ee9f362af72d7a0f55d6b410cc9dc2b52dc7f99f06f3f9,far.quest - Farcaster Super App,gas_fees__feb_2025,Feb 2025,0.008147905017730618
l5D8eaAKqeJb+R8Q94GmrcZiPuwEgmZjQK8GKQiIYDk=,0x867b0364ac86ff4cc61a47ee99a0f96c8b952af8728442a048f7e3ac5892aae9,Gaslite Drop,gas_fees__feb_2025,Feb 2025,0.9198547061306842
Qh14iOZBPtSPGbuqtJ8wIL11rSdu0gBx6RvzUt9V9sI=,0x913ca97cfc8b587734059e4df9cc6de28ef590727e13e1b30ae9a57bea881731,April Token,gas_fees__feb_2025,Feb 2025,5.8777725672587996e-05
y3k6Rt51vfFOeCM/kbTF+KTmd1rv1z70eWqp2Xtv4rU=,0xc55fe3df4a2689935cc0a4b912e3f913de7a8c1c6758370550aaf25a949ec79c,Golden Otter,gas_fees__feb_2025,Feb 2025,0.000159306478120147
Xrci3TfxGk1fFof+fNzWx6Had1yDlmU1CoHHRvzLMGo=,0x7fd813000c03bd11fdf3ded76a3b46db355218c72947acea7f14871a5b0a9258,Satoshi's Secret,gas_fees__feb_2025,Feb 2025,0.000185675717261713
fmFqLtFVrR1bA9bONSlNrblHhlZFJg9LXJMS+r2bX6Q=,0x40cda7edf27894d647d9433ded29290966f5c258dade2c3ea36427fccf0ef3c9,Veil Cash,gas_fees__feb_2025,Feb 2025,0.011326204459240569
usDyvf5/FbrSIBD+zIg7Gl4TGIe3HiKC7H8gXOLfNB0=,0x4243a08e8c46ffd7c6249ef02baf09b98dd2c086a25ddf76f723b82b3c93b71f,Virtualia Magazine,gas_fees__feb_2025,Feb 2025,5.9544551568671e-05
12zkxLUMRU5rtnRi6MToafW1bkyD3yn/ksFVk/OE3+0=,0xee345ddf96e54920ab4b32bf055b6324ca49dcce0063787137557de0a3b20d35,F1337,gas_fees__feb_2025,Feb 2025,1.445967658203e-06
/2hjsm9xH1NvgIs/dHx5VOVM4ml/C6hfQu97wBgdpfo=,0xd35cc78b456bf11d4acc96d2c227b29fa4115ad9d93ae211a31974a408ed8303,Diffuse Data Feeds,gas_fees__feb_2025,Feb 2025,0.0027915530577959573
fUkDvtE6aGHLHs9dfhp8rzhhzh7uintrSaO61/OVooU=,0x2cb7fb23e5d066f65a80a09b2eab34d76bbac06de1af16c31dcf2e54119639c3,Smellcheckmate,contract_invocations__feb_2025,Feb 2025,3.0
sMEYAIHyC7RMbAjCcImJti3PrNJCoQPycDnIfVBvxiI=,0x482720e73e91229b5f7d5e2d80a54eb8a722309c26dba03355359788b18f4373,RubyScore,gas_fees__feb_2025,Feb 2025,0.018861434557964497
D/phNjIkMkuESYi0XbICo299wHOagQbo2WSAyODxDp0=,0x62e37e96aa6e1cbfb6bd24b97c4b8f1e12cc3fe35d5388d2f041c42a12b40745,Stargate Finance,gas_fees__feb_2025,Feb 2025,0.5677799874948591
rnCU69afAeJVsln1gXM1Pt6cMqD09FFS5C8Q38NWifM=,0x120cdd8e43ae1efbafdf02eda876e1952c05a52870c8d5a8f56d9ec0f79f586d,Passport XYZ | Gitcoin Passport,gas_fees__feb_2025,Feb 2025,0.19999050658159898
JvriFQ0NlFxB3+GIDPJQShc9f52TRc/cmOcLdzUPgL4=,0xffffeb1d3576c1e847701c225975ee1a10259e05366b477e98fea7a47c5e5896,Rainbow (Rainbow Router),gas_fees__feb_2025,Feb 2025,0.21262149129052527
WCwKOQkL47c1qQ2wVcJ1IcpLMGIXmFHflr4UVQsagVM=,0x513265758a3804184b6a0771d99c1a4b04d3267bacd4b914e89ff991de229f6a,Create2Deployer,gas_fees__feb_2025,Feb 2025,0.011953532487769916
Vbt0Je/QVMzwz2kXjZhu4hCHrfa5JmL17azwgy9pDRY=,0xc938557155993da8f33857e52d7deb04421d1bb341fc24216563aae64fe32d36,BSX,gas_fees__feb_2025,Feb 2025,0.6264920385679703
JTetyUvTgu3P3fKekPJHOjCG1Uuv2TfuDHm9hjADzPM=,0x149bc5c396fd3dccac39c92164bb6b8bccc4d215321b58e241af07a76616e031,Hop Protocol,gas_fees__feb_2025,Feb 2025,0.009271177840919837
23XIt7EgzQNc2AdcEzTg7GbjT5kKY1lNFfmcGQvrkWA=,0xefaeef1446de875ab6e50d31c8dbe776f99d884cb8cb68d50b1384067e4aeb6b,Synapse Protocol,gas_fees__feb_2025,Feb 2025,3.2078109279022664
qORdAv/JC4no/SKjJY5GbK3FSmUyOyhSl0oXKsJ6B6g=,0x24ff0fb2933e55b169a80d9bd35a00a7011795387717b27445ccdc0f8660d740,OpenOcean,gas_fees__feb_2025,Feb 2025,0.2370357119075816
wXNHytnTdLtuJcPtRtlqIPJ9WtnN6qAM3GH/t0Uiuh4=,0x928dcd931ff2bc44a5d3b15c500adfbf8d3e3a89e4936823e0b3f053c38f978c,Hedgey,gas_fees__feb_2025,Feb 2025,0.011732949150064658
K8y2l5sctus7C4k9W4DfdC+e1OC01pqrvTROnUpMkgk=,0x8997fa34367532a9072ca36c424498162980303a8d36fc49d58c5ac7daac9311,VRNouns,gas_fees__feb_2025,Feb 2025,1.6430042291617003e-05
rV6VRIUtgdaeu5+g1y7vloRmK9sbBEl3rFCs1r7OR7A=,0xb926ab918147d2264dba94a429eb07986aa533fd6062a78736d3eda4e0b4a69b,Oku Trade,gas_fees__feb_2025,Feb 2025,5.4147067651368985e-05
VuCrFAWDzI1K7USE+kh9ECxcEa/iG9eVHG6EMS/8iS4=,0x6435c8574014275b1d554a3ab9dd85f775fa3563258ce855d6aeb07e7918f6e5,Hypersub,gas_fees__feb_2025,Feb 2025,0.0055724214183326785
Lgm8mST2VJg3Qtcvrd3ChAbGOEorxtFzO+k9eyJMgzA=,0xe13ef8130233ba5feca029110f3abf30cb33f7efe2d915ba7e536200b67fe0bf,Glo Dollar,gas_fees__feb_2025,Feb 2025,0.000134170905156961
tnIsq+BWiIkXbY18UI8L609BBs89EO4o+MJ3+hmFsAA=,0x9e50828e261179c6d1a5c107c7c2c16907b4b529fef416f64af781c5b2ff29d1,Amazing Hunt,gas_fees__feb_2025,Feb 2025,4.844079956221e-06
Ze2CblnBaz2Apm6a00KjwAZ7N4K5yxDUpXlK+mDkwJw=,0xa88844cea135382e3484e39c3172033437121b35ca0bc8b10b9b8253984876b5,Ethereum Attestation Service (EAS),gas_fees__feb_2025,Feb 2025,0.1731640315373246
WTkrSKGFE/NJQ8Aw/49PoV7EkJpIxlRdws/Mq4Do5RE=,0xd774790974f07c7c5130903d47ae885f0f3415f0c8ee1bee9c4b17ed2faaafaa,create.party.app,gas_fees__feb_2025,Feb 2025,4.040560673519599e-05
91qfxPoeZBT6hPZrVLYcaDcgwMNG5MDH77cGiTtBxyQ=,0x70624cd9a8be4ead96e5097025eb645b9848e2643e5025a4006dee2cff1a4138,WAGMI,gas_fees__feb_2025,Feb 2025,0.29132328750374503
inHPXAwcpnmNnzuMDBO9CsDuph+M4UNF3XwNNhTpafs=,0x72723e07fe409557489a6643b43d9493a94c10ba68230b0527f01834cb6a550f,Across Protocol,gas_fees__feb_2025,Feb 2025,5.500690570150674
bDxpkfd5t/ov2xAQJgRxa1+8NHWM85j0W90gc6Nls1c=,0xda8c593717693ef30f5c62fc2689709784324cfb9b5fe92c9db3a47f596791e5,Morpho ,gas_fees__feb_2025,Feb 2025,1.739517317061127
gsdS6IBEk8Q9DoxMTexanVBfgLI1UzAPsWaZh21PZBg=,0x0e5d90c5b5b75851d02f8286e78ed3b7af85d6920ca92a0f73cdc268fff185c0,Moshicam,gas_fees__feb_2025,Feb 2025,0.0011287256317206783
yHC4i4mkg5sXaXOF4Mih0UyHDYVS7+0+9zuqnDFvClY=,0x8f7edabd00cd8a9bc0065eec465bd3d97ebe3f4632c8d3d52b336a9bc1d8fb3a,SuperSwap,gas_fees__feb_2025,Feb 2025,0.507133397451939
5JISU2Dd3upAAQxpI6eEKNuI/pWdKGu5Z36klLtZvXc=,0xdc28e29764ca79368f426f106458f2c427392e32d088b04f4c372ab51b25d2cf,Meson Finance,contract_invocations__feb_2025,Feb 2025,55090.0
aWuNB+5mklnapGsyBMh4Igpdl8e6JeGAFQW0cp1KN14=,0xc0901c8f9503f0bf91a1cca0c6c90e55af8719cc2237fb4a0bf0770b307cbd11,Basepaint,contract_invocations__feb_2025,Feb 2025,18761.0
wzX0MzHFlylzzHVBLRO8ZX30RYXbg4h3K8XwNrRmJos=,0x0b8acaf73a25ba1f64bf829f9678beb8b7edf825353ebea38085590d78d74d5d,Tokiemon,contract_invocations__feb_2025,Feb 2025,485453.0
JTetyUvTgu3P3fKekPJHOjCG1Uuv2TfuDHm9hjADzPM=,0x149bc5c396fd3dccac39c92164bb6b8bccc4d215321b58e241af07a76616e031,Hop Protocol,contract_invocations__feb_2025,Feb 2025,57687.0
0eM1b8HKnTMw5hgzgPw3l3m4A4wwTQd/0e1rFWNPz8o=,0xd54e1032bf16d649f8f8f0a7da42a249966ad4a270b4c17b24ded1e32c97b2bf,NFTs2Me,contract_invocations__feb_2025,Feb 2025,118231.0
8KoGcAjv//eKoINV7i7nOfZwp7lSOd8rO+wr18AGDOQ=,0x558ad0914eaf21a4965b2e4b7fef4cd66ef9d5bb861c5c42f4795a9e4614df71,Chonks,contract_invocations__feb_2025,Feb 2025,12908.0
57FvWwsyNX2cCoYXRlrD084qD9kG/nh1tYNWPswNSs0=,0x4d71401a0dbd9b3dd890fbc70baaf872d16db80af149e20f7ef1805fc94f6df6,Router Protocol,contract_invocations__feb_2025,Feb 2025,52250.0
FfXoEN2YNayzuwjlJN2xtQWdP5War/J/3WLgkc8sX6s=,0xd7a8e115b2b3772d7d5656d7798e349dcdedf2463302c78528c9e9686ab4efe3,OmniHub,contract_invocations__feb_2025,Feb 2025,18027.0
NLj2mhenkGEK3NfYV1RiiO/SkcD4s/WjJdxaH90crnI=,0xdf92f936b0ddd6c5a944d3e2be594168ea108b0909e510b955333c5ef0b40242,ethOS - The Ethereum Phone,contract_invocations__feb_2025,Feb 2025,349.0
zVWBMiOJHTeEPXEgWSl1B+tsS8W9vwfv2QU32ANB8yY=,0xae3efd865f9584671ede5e94c83190b0aea5ac5d77eb0179ba849bcaae314546,Base Logos,contract_invocations__feb_2025,Feb 2025,46.0
imahnjIpbGgSkNyqkOjhlczoUga8ECPoEpirrLs68jQ=,0xbcb5c437d5347be21add3972512679054416805274f80e85ab8053ae79340a69,Ionic Protocol,contract_invocations__feb_2025,Feb 2025,646119.0
ZYxDUEvRWLmr9Tpf2u0ztP2fVUg0H0NLROMVdJQNDRM=,0x260127629089be48b8b1ee07c8962451a7f54374163217c7e72188d1ffc8749f,BakerFi,contract_invocations__feb_2025,Feb 2025,618.0
1Ll7MLXCxNJFxQCuBEdRnRVk164keWjynVtQJF++xGU=,0x512f97f1de28ad530f752d53bf4f56ed16d34a3121f0512cd5a0485c2074b312,Extra Finance,contract_invocations__feb_2025,Feb 2025,246107.0
WTkrSKGFE/NJQ8Aw/49PoV7EkJpIxlRdws/Mq4Do5RE=,0xd774790974f07c7c5130903d47ae885f0f3415f0c8ee1bee9c4b17ed2faaafaa,create.party.app,contract_invocations__feb_2025,Feb 2025,1017.0
J0XRgzUEfqUaJG2eQgi+1n49zo66RSLI2qz/I8B6mVI=,0x9fb539aa3ddb63cda1c29b50fbeaa6071f290926ce10f3d224233577b823454e,UNO,contract_invocations__feb_2025,Feb 2025,1304617.0
FtR3yU/WmvB77sgIAosTTO8ZpYKa4lUQU9iXu5XQjWI=,0xe2ef3fbfd10df401a0221939359e96af29805db8936c1199ae7532262c69ec5f,The Button,contract_invocations__feb_2025,Feb 2025,54106.0
iXR35Xnzm4ioS5d0Eka/UAnUN9CHj4iasG/B8CgiWP8=,0x7539f43dc91f9c406c83a06339708e4033cdbf630916c6dfb9de2b5ef811affd,Seamless Protocol,contract_invocations__feb_2025,Feb 2025,492716.0
jB/Odn2EzRAIVyyhY7eTBdOtrWdBQr1Bn9QFSaJc6uQ=,0xc6203aeab9c0b7346ca9bcb36a2db50c7823908fd66ad61913a53ad6dbc77192,ZKP2P,contract_invocations__feb_2025,Feb 2025,3064.0
VuCrFAWDzI1K7USE+kh9ECxcEa/iG9eVHG6EMS/8iS4=,0x6435c8574014275b1d554a3ab9dd85f775fa3563258ce855d6aeb07e7918f6e5,Hypersub,contract_invocations__feb_2025,Feb 2025,5740.0
wBCRJMqM8KTnoqC0KsyDhf/hW7HF0wFgU9+ZacWz66E=,0x692340d3ec51f53411126f8247003e2b87b113cfdf4a322b4e38d6bbe5822c5f,MemeWallet,contract_invocations__feb_2025,Feb 2025,74764.0
rV6VRIUtgdaeu5+g1y7vloRmK9sbBEl3rFCs1r7OR7A=,0xb926ab918147d2264dba94a429eb07986aa533fd6062a78736d3eda4e0b4a69b,Oku Trade,contract_invocations__feb_2025,Feb 2025,202001.0
CFKotAGe0czMhAGy94iDJA4xQ48OLiKDZ9SfTsWvutE=,0xca3f26e1c876e821d2384a5cb699c6be494f9810301c2e2be49c232656262642,BaseSwap ,contract_invocations__feb_2025,Feb 2025,2334185.0
EWGl5CyDKCdw2krkHJwc8V1FoELaCSXGUis9SHr2+fs=,0xd765664dd27255f1ba341fbb3375439a57fb6a92313df2f7af7856233f415ed7,Linkdrop,contract_invocations__feb_2025,Feb 2025,64756.0
dk1gwy0G/dP9SOcyolL+bfgPQJ0ngqXF6ro9qyQdGwo=,0xf9ebb0464e7162627ab3de5fe03a21c879e932233e1453f2139c2126eb93f72e,Air3,contract_invocations__feb_2025,Feb 2025,1617.0
db8LWE2icLZuD0o0yjqQoxT4+oXvlmHMVT4O2TqKJCo=,0x79159d9bd4981ce68651fb4d585fd5827215309e503f46209adb0ec438f71b30,Slice,contract_invocations__feb_2025,Feb 2025,3824.0
fmFqLtFVrR1bA9bONSlNrblHhlZFJg9LXJMS+r2bX6Q=,0x40cda7edf27894d647d9433ded29290966f5c258dade2c3ea36427fccf0ef3c9,Veil Cash,contract_invocations__feb_2025,Feb 2025,20078.0
lWJtSU1/x0pxa2x/PDlxUrIjG951wWu6c2WXiUCUKO4=,0xd3d00c946f62ac8cf49a85e3ab7d295d3b56f68d0b9f1fa4d595742fa372cf78,Compound Finance,contract_invocations__feb_2025,Feb 2025,174107.0
OVIxgHj4N8zf/sBSYEBssZf0Nyz6mCaIEJa0exm7PoM=,0x7974baaeef5e3af2e165a0911471ccddcb47d8ca74438558a89abb515aa64275,Krystal,contract_invocations__feb_2025,Feb 2025,43718.0
r3lF/NNRd0zzZXI+9kT2/r0rohb1fra20npNdnPi/ys=,0x9c691ba3012549259099205cc1a7ca4d09d9b7a24a1b7b821b52c7bf1c9b89f4,Origin Protocol,contract_invocations__feb_2025,Feb 2025,86547.0
AZ2Cqzo/nAUqbj7th1e993Xfpf7qvT2WvHlomSZQ78o=,0xa2a580dae44336df1cbcb7a5303880f393068fb96116e10e180e10f5745dccd4,fxhash / $fxh,contract_invocations__feb_2025,Feb 2025,18254.0
OF1V6dVTQOyDRB5uGdm4yvqv6vkP4TlM22Q/wyrZUZI=,0x8f4ac538c2ad2092565a751354d1f11edf4eb3c1ab435de677d2545249f2b744,Fabrii2K,contract_invocations__feb_2025,Feb 2025,2.0
4dqHjI/pEtyPjvZVF5KMQ2gz2K9ah7yeFGwbfXSpRxA=,0x1f60db63651f74e2fc8b3ff900d05142552a763c31caf3a8c8e62b0953f02bf2,SuperVol,contract_invocations__feb_2025,Feb 2025,192310.0
fN+LFwTxCdNTzXYD1xfU/hGSxIMv9/pSE/AQlo7GzVM=,0xf4e56e0c6654d6ef621191708f27ee20242462f541d3e79dc5512e1a10d90736,Eggs Vault,contract_invocations__feb_2025,Feb 2025,6991264.0
iMLtNGxl570+RXnqdRC64uLu7ZtFLxImZ5Bj1zIEVls=,0x156641d6720964c32e4491c0deaf83a424ec3af5e7df8cc0c93a794e5205a7e0,Harvest.art,contract_invocations__feb_2025,Feb 2025,7.0
g2gW16kX/8gl4n71esfphgWmt4r2COs4Bc9cGM9025Q=,0x7262ed9c020b3b41ac7ba405aab4ff37575f8b6f975ebed2e65554a08419f8f4,Sablier,defillama_tvl__feb_2025,Feb 2025,246062253.2547561
VsbnIqH0Z8ErW7VixsMTGcLVf45E645bcxAVcD/KZT0=,0x3061b642db56c507e265f03029735b0413a613bda43456a31e78128baeb18754,Aave,defillama_tvl__feb_2025,Feb 2025,19769891090.688908
xIbbe0c5UuvK+FcT9NA6+83THJRxj1w9FnFI1PaYAGo=,0x82edc3ac2a03da21c5a6033159ba8e97aab2f61dc5d1d9813929fea6d6c35362,Superform,defillama_tvl__feb_2025,Feb 2025,91296037.38129528
D/phNjIkMkuESYi0XbICo299wHOagQbo2WSAyODxDp0=,0x62e37e96aa6e1cbfb6bd24b97c4b8f1e12cc3fe35d5388d2f041c42a12b40745,Stargate Finance,defillama_tvl__feb_2025,Feb 2025,1139698549.3595731
ZYxDUEvRWLmr9Tpf2u0ztP2fVUg0H0NLROMVdJQNDRM=,0x260127629089be48b8b1ee07c8962451a7f54374163217c7e72188d1ffc8749f,BakerFi,defillama_tvl__feb_2025,Feb 2025,389331.1516335713
23XIt7EgzQNc2AdcEzTg7GbjT5kKY1lNFfmcGQvrkWA=,0xefaeef1446de875ab6e50d31c8dbe776f99d884cb8cb68d50b1384067e4aeb6b,Synapse Protocol,defillama_tvl__feb_2025,Feb 2025,75071296.52662571
JTetyUvTgu3P3fKekPJHOjCG1Uuv2TfuDHm9hjADzPM=,0x149bc5c396fd3dccac39c92164bb6b8bccc4d215321b58e241af07a76616e031,Hop Protocol,defillama_tvl__feb_2025,Feb 2025,27418399.80914607
bDxpkfd5t/ov2xAQJgRxa1+8NHWM85j0W90gc6Nls1c=,0xda8c593717693ef30f5c62fc2689709784324cfb9b5fe92c9db3a47f596791e5,Morpho ,defillama_tvl__feb_2025,Feb 2025,3458205282.3900948
Vbt0Je/QVMzwz2kXjZhu4hCHrfa5JmL17azwgy9pDRY=,0xc938557155993da8f33857e52d7deb04421d1bb341fc24216563aae64fe32d36,BSX,defillama_tvl__feb_2025,Feb 2025,2389995.9424610715
WHFAB3T/+twwBk665nB9w6CsvlhsOEpfPMTT+AfOcmY=,0x7eb6ba7a1057659d04ec414446c1b32509bf57704958139266c7120903446ad6,Pinto Protocol,defillama_tvl__feb_2025,Feb 2025,0.0
rxrN8HnLLV8SOP3md3NfXpntywh7F7n5fuRMqFB3Upo=,0x4288aacdda65af69c03b2c9b9d057e2b93ed1b7671e481b03c6a7b33349d2365,Aerodrome Finance,defillama_tvl__feb_2025,Feb 2025,943595737.2328701
0eM1b8HKnTMw5hgzgPw3l3m4A4wwTQd/0e1rFWNPz8o=,0xd54e1032bf16d649f8f8f0a7da42a249966ad4a270b4c17b24ded1e32c97b2bf,NFTs2Me,active_addresses_aggregation__feb_2025,Feb 2025,649.8928571428572
0IoaqfH0mkl61jIvWC/JWobbYPP2gn9rTTSuF2/Ydew=,0xafca3591b83586f14e21b397135b95af668f5ebb54cb45053af44a73df7d7640,Layerswap,active_addresses_aggregation__feb_2025,Feb 2025,904.8214285714296
sf0AvWU1WZLtC4wh/FDYTRU3hyXTux1NqPmabzUABnc=,0x15b210abdc6acfd99e60255792b2b78714f4e8c92c4c5e91b898d48d046212a4,MiniBridge,active_addresses_aggregation__feb_2025,Feb 2025,150.10714285714275
7o3rQns2QxmMIyr/Lp6EXIqBE9mvqX+1V6tQ8g1t/MM=,0x000c2ce4773defb3010a58d3800d0ec9d432189c574ba26d3103f1db44a5af6d,WOOFi,active_addresses_aggregation__feb_2025,Feb 2025,73.71428571428571
sw8ehEEk8y0FK2GSDVnFLz7M9erX6RSQdSAgGDmiwEs=,0x517eaa9c56951de89261f2d7830ea49aae92f2a903104a17d9c5c2edd4959806,LI.FI,active_addresses_aggregation__feb_2025,Feb 2025,18101.64285714287
AWt4h9zeTVKtlCCptcCdxAqt1P8tHvgZLjpDLlttfmc=,0x740297a85de756f69945e2cfd9d439598cdb06a70e409e91664c701f5c0af34c,TOCD Studio,active_addresses_aggregation__feb_2025,Feb 2025,8.571428571428571
EGnIDudfUQWj4qmCCyERNT/b3h/3l1STaJjMaUmG6es=,0x24937e547db8ac83965a3d781ef7fe2861f9bbf79828cbc60fcc0598213c5b0a,Echow,active_addresses_aggregation__feb_2025,Feb 2025,27.857142857142858
dk1gwy0G/dP9SOcyolL+bfgPQJ0ngqXF6ro9qyQdGwo=,0xf9ebb0464e7162627ab3de5fe03a21c879e932233e1453f2139c2126eb93f72e,Air3,active_addresses_aggregation__feb_2025,Feb 2025,37.74999999999999
gsdS6IBEk8Q9DoxMTexanVBfgLI1UzAPsWaZh21PZBg=,0x0e5d90c5b5b75851d02f8286e78ed3b7af85d6920ca92a0f73cdc268fff185c0,Moshicam,active_addresses_aggregation__feb_2025,Feb 2025,3.107142857142857
cTfk+RW4AUsig6i213MsTu+SdMtKCv63qOLCX1M091g=,0x40ee6048c99aefd288f6133db207849d0951fe6b62afa1cca0db5a4ad7f558de,ORO,active_addresses_aggregation__feb_2025,Feb 2025,3.857142857142857
xOZNIZHXWrA+JWBmcsHybyHDy0WZy/gOyw1VaqAupG0=,0xff1edf67227651293a9cff4dce3577c6ca52bf8c7c6f5f133f07b05255379b27,Kelp,active_addresses_aggregation__feb_2025,Feb 2025,174.2142857142857
bDxpkfd5t/ov2xAQJgRxa1+8NHWM85j0W90gc6Nls1c=,0xda8c593717693ef30f5c62fc2689709784324cfb9b5fe92c9db3a47f596791e5,Morpho ,active_addresses_aggregation__feb_2025,Feb 2025,1133.2499999999998
ZpLND65a7Iy7VJrIjdjCjrQzAFi4JaJpkYeg3DJlrsE=,0x91a4420e2fcc8311e97dad480f201a8ce221f2cd64c2de77280cbcc6ce193752,Layer3,active_addresses_aggregation__feb_2025,Feb 2025,25857.00000000001
gqAHXIAEt3c1wcx3zIvyc+StftbLzXh5j2GSHeePfBo=,0xa6e21a58b178cdfd073df12288b8edf761b595c2938b81c64e40c944a1403432,Spectra Finance,active_addresses_aggregation__feb_2025,Feb 2025,3.6785714285714293
Jr4krZ4lp1dMiTRDwmF2R9Hw4mF3rsukcBCM4pnF/fc=,0x9d9162fac637991d2a56da8fbe03dba24c87eb82d47c7a00b921e39e956f8a9d,Uniswap on Superchain (Oku),active_addresses_aggregation__feb_2025,Feb 2025,78149.9642857143
g1pi0NuLcPtSAjpxGRMTIM2ZRs5y6h3IpcW0PRKvSQo=,0xfc54b4a9c537be25238cba3f05100b733aeee83a3eb3fdae60d651b3b913390c,Multicaller,active_addresses_aggregation__feb_2025,Feb 2025,3127.6071428571418
FfXoEN2YNayzuwjlJN2xtQWdP5War/J/3WLgkc8sX6s=,0xd7a8e115b2b3772d7d5656d7798e349dcdedf2463302c78528c9e9686ab4efe3,OmniHub,active_addresses_aggregation__feb_2025,Feb 2025,135.14285714285722
a71tbYAPlOpIwh4+Y591PqZ/kYIbS4qRRpQ8WH2w4oM=,0x3526b9c6fdc34076d7d2c31893b94e760f4d5a010387b6b76b45f8b5577ceb98,Gyroscope,active_addresses_aggregation__feb_2025,Feb 2025,3.964285714285714
fmFqLtFVrR1bA9bONSlNrblHhlZFJg9LXJMS+r2bX6Q=,0x40cda7edf27894d647d9433ded29290966f5c258dade2c3ea36427fccf0ef3c9,Veil Cash,active_addresses_aggregation__feb_2025,Feb 2025,58.64285714285715
Vbt0Je/QVMzwz2kXjZhu4hCHrfa5JmL17azwgy9pDRY=,0xc938557155993da8f33857e52d7deb04421d1bb341fc24216563aae64fe32d36,BSX,active_addresses_aggregation__feb_2025,Feb 2025,162.03571428571428
inHPXAwcpnmNnzuMDBO9CsDuph+M4UNF3XwNNhTpafs=,0x72723e07fe409557489a6643b43d9493a94c10ba68230b0527f01834cb6a550f,Across Protocol,active_addresses_aggregation__feb_2025,Feb 2025,10331.071428571426
jOnKrCSU5myGHe3ICVGoabpmdtZ+V8gcqRisDpepqCc=,0x4775f0b321dfa33f32ca86c677c1516d24d4803f6f6ac12e6e0c2dd0d98ac80a,CREDITONCHAIN,active_addresses_aggregation__feb_2025,Feb 2025,8.25
8KoGcAjv//eKoINV7i7nOfZwp7lSOd8rO+wr18AGDOQ=,0x558ad0914eaf21a4965b2e4b7fef4cd66ef9d5bb861c5c42f4795a9e4614df71,Chonks,active_addresses_aggregation__feb_2025,Feb 2025,31.749999999999996
Rfo5GCgPfxv8mAjJ09WxZZ5ZhlXm5XaUEcDBackrAk8=,0x512e27ae7e194a31bbde426c25d78b5d43916192674d71a0c4deeea1c622f166,motoDEX,active_addresses_aggregation__feb_2025,Feb 2025,0.2857142857142857
iXR35Xnzm4ioS5d0Eka/UAnUN9CHj4iasG/B8CgiWP8=,0x7539f43dc91f9c406c83a06339708e4033cdbf630916c6dfb9de2b5ef811affd,Seamless Protocol,active_addresses_aggregation__feb_2025,Feb 2025,686.9285714285716
hD0YqnPkTkll8Q5jDDldaT6hXIYPwjtTsnR2B5cF6Dw=,0xf8e1a0a465eb42239f0c15651c658cd25e922880a3b5714949804034c57ace41,Womex,active_addresses_aggregation__feb_2025,Feb 2025,28.50000000000001
U+8BPKrK6j10zOy/OaelXzf16agGOaHKyf2N1g0e+BY=,0xc18c18bdc097d4c9158f37be7cac00b77b6abccbde70123954c31d07e1631d3d,Jamit,active_addresses_aggregation__feb_2025,Feb 2025,2.714285714285714
b0ma4f7o65FUNGRC2R4eb8Fo7DB6imYfqrM3S0JQ4tc=,0x70ba3cb2e433f1cd9ace8aea84c46d167ba5db12293cd108eaca068d06be3a71,Gains Network (gTrade),active_addresses_aggregation__feb_2025,Feb 2025,86.82142857142858
igtO7r3BNEsM8PUwfeWPGcua331z+/D8tlSWUxIWqB4=,0xfa43f3b12992a9d3d7811ac876c9baa5a81bf9775abfc605e720ec0a90f67786,Metopia,active_addresses_aggregation__feb_2025,Feb 2025,11.142857142857142
shVzoDEk43o/o3eLSpahwHfj/tn5zrcHqS8SYUzufrA=,0x17192aa9ad034d44d99abdcea664c21532e69f865eb7824d10db09e94e7418da,HAMsters,active_addresses_aggregation__feb_2025,Feb 2025,6.607142857142857
iHkkzr7r4TtJl1Pe3jRW6Le1xzeaou/GJe/x5F+VKcA=,0x5614d129eba060ce7d224e8e8f9f29aeddfdb572b0dd45edc81f18f5307bc01a,Send,active_addresses_aggregation__feb_2025,Feb 2025,32.57142857142857
aWuNB+5mklnapGsyBMh4Igpdl8e6JeGAFQW0cp1KN14=,0xc0901c8f9503f0bf91a1cca0c6c90e55af8719cc2237fb4a0bf0770b307cbd11,Basepaint,active_addresses_aggregation__feb_2025,Feb 2025,180.67857142857136
w5IsGVcdo+bpiRrYuOuxPpNKmmWP+fKCDDRKWF0fuMY=,0x2e0e80846b4d52b126f3c9a20a01876bbcb80de67befe916870c5d8736af6c2a,Builder Score,active_addresses_aggregation__feb_2025,Feb 2025,31.428571428571423
lNJHwxmG3SQnN5oVhrvAlg0Trq3FhPneMtpZsxsZTf4=,0x34521bed3b3eb4c08223fb87b6fcc64718d994bc3312c13522a67b90fbfd1df6,Vexy Marketplace,active_addresses_aggregation__feb_2025,Feb 2025,5.357142857142857
WHFAB3T/+twwBk665nB9w6CsvlhsOEpfPMTT+AfOcmY=,0x7eb6ba7a1057659d04ec414446c1b32509bf57704958139266c7120903446ad6,Pinto Protocol,active_addresses_aggregation__feb_2025,Feb 2025,53.57142857142857
rxrN8HnLLV8SOP3md3NfXpntywh7F7n5fuRMqFB3Upo=,0x4288aacdda65af69c03b2c9b9d057e2b93ed1b7671e481b03c6a7b33349d2365,Aerodrome Finance,active_addresses_aggregation__feb_2025,Feb 2025,8742.142857142857
zdNq7Cvjqx03oRiL22rCANVA7/8MBGaoc3InNwm3LCA=,0xb620f012eb197e5661f65c1a5aee6a4bbb43629f0056879ae4dc66adf8383ae3,ORB,active_addresses_aggregation__feb_2025,Feb 2025,3.464285714285714
cAaBVZiIeQZu4fS3TLKB2SgqPCHj7MtzVq27nQZkmS8=,0x02065e72fe4eebfa1ebca19238e6147c8571c2b7fefae4e86e62ce768edceeb9,Exa App,active_addresses_aggregation__feb_2025,Feb 2025,55.92857142857141
NdwYMf5FYV0V3mi7zOJ4ABpqc2klQTCimnNKCqvZ4z0=,0x491ffd3c2e4c25ab7fbdbefe0f5fc8dc2beee5ab801287b9c6c93c9c3c810463,SwapMode,active_addresses_aggregation__feb_2025,Feb 2025,19.857142857142854
H0Wcz4f5bYNrMNDSdwJt/pRqNRK2olM1vl2qk15M+4o=,0x4eaa0df4cfbda85126db57a231598d33c283b8aacf3a441539877ce7e17be22a,daos.world,active_addresses_aggregation__feb_2025,Feb 2025,263.9642857142857
uAWTL5naoNXYNpp7weim8ypopqmN4+H9fO7/1wOjpeA=,0x800707befd6c94e7cea794200a6fee1155e54ca94bc10ee85d15c3f23845b10c,Ethereum Follow Protocol,active_addresses_aggregation__feb_2025,Feb 2025,256.85714285714283
tXGS6SGDHNL8TAhS+fj8+qzF7+FFbx0qJrdfVY2j62I=,0x93b1eafeb62f6cd5099ad82068763c1fd21f9d881c4e1a474ab854876ea84441,Based Year 2024,active_addresses_aggregation__feb_2025,Feb 2025,0.8214285714285713
usDyvf5/FbrSIBD+zIg7Gl4TGIe3HiKC7H8gXOLfNB0=,0x4243a08e8c46ffd7c6249ef02baf09b98dd2c086a25ddf76f723b82b3c93b71f,Virtualia Magazine,active_addresses_aggregation__feb_2025,Feb 2025,0.607142857142857
HWseNMpaGXySSUevj2VVHOyjIcwPrWDZaV1BEkOzPQg=,0xa09305aa57a60e362b11911666f6310f46c959ead9116333d2e7ca91aee180bf,Super Account,active_addresses_aggregation__feb_2025,Feb 2025,2.9285714285714284
rb2UtsHsdjrP44lrniVF9ja6m62SEPB0g39/O2m53U4=,0xb6a587b5b85b1c70847442e3b4a84cecfb55aedd286628a85fbb12770ceb7018,Travenesia,active_addresses_aggregation__feb_2025,Feb 2025,0.28571428571428564
ZALEuKWY71Qcj7Tlf8hFHl8XmmlMlST+Cu1ztrue/Xg=,0x76a797e0221710bcbaa35e3bda042e6f62d11af7796ea90dca306114538b527c,Stepan's demo project,active_addresses_aggregation__feb_2025,Feb 2025,0.03571428571428571
8Cgztczct8fnsJW6D2OQcFRY6nClKNyOC7Le0soED94=,0xaa1b878800206da24ee7297fb202ef98a6af0fb3ec298a65ba6b675cb4f4144b,Stepan's project,active_addresses_aggregation__feb_2025,Feb 2025,0.03571428571428571
sf0AvWU1WZLtC4wh/FDYTRU3hyXTux1NqPmabzUABnc=,0x15b210abdc6acfd99e60255792b2b78714f4e8c92c4c5e91b898d48d046212a4,MiniBridge,gas_fees__feb_2025,Feb 2025,0.012216973010400693
zpXh+xI4A77C9Y/ortXA0jU/33Zj+QztUOpW3hJ+w8A=,0xe20f59eb1c8f9cb72e07b8d0f067bac997614fd6db06d8c031c5c9235f760dcc,L2Pass,gas_fees__feb_2025,Feb 2025,0.0012457602340839593
tEUQBjhYBdWaLRVt375K9avn6ysFWbvqZz85jmaPR2w=,0xf24315614063278ba3543e1717791132a9afa79b0e65baa01a85bcccbdfa215f,deBridge,gas_fees__feb_2025,Feb 2025,2.2390948649481413
R1GLGswje04y83WJr2mIPpUxPl+F5hQCZaR19YyXhGA=,0x4b987d79912367ada6c3fa1bf6ad1daa6d164078f8c5efc8db2128b9231087a9,Sturdy,gas_fees__feb_2025,Feb 2025,0.04266618837557636
5JISU2Dd3upAAQxpI6eEKNuI/pWdKGu5Z36klLtZvXc=,0xdc28e29764ca79368f426f106458f2c427392e32d088b04f4c372ab51b25d2cf,Meson Finance,gas_fees__feb_2025,Feb 2025,0.008743137816240545
D9n+rXQGt9BVQ/3Ta/BbgMaWPiAH0K+6s+mPnoVHH6E=,0xf87906563da69538c969ba438f127ce5f2196e76c84c9026ab6dafc4280b6be3,PHI,gas_fees__feb_2025,Feb 2025,0.01602014461937013
tXGS6SGDHNL8TAhS+fj8+qzF7+FFbx0qJrdfVY2j62I=,0x93b1eafeb62f6cd5099ad82068763c1fd21f9d881c4e1a474ab854876ea84441,Based Year 2024,gas_fees__feb_2025,Feb 2025,4.2228007347953e-05
cTfk+RW4AUsig6i213MsTu+SdMtKCv63qOLCX1M091g=,0x40ee6048c99aefd288f6133db207849d0951fe6b62afa1cca0db5a4ad7f558de,ORO,gas_fees__feb_2025,Feb 2025,0.00016719614710236096
imahnjIpbGgSkNyqkOjhlczoUga8ECPoEpirrLs68jQ=,0xbcb5c437d5347be21add3972512679054416805274f80e85ab8053ae79340a69,Ionic Protocol,gas_fees__feb_2025,Feb 2025,0.09330094786593503
lNJHwxmG3SQnN5oVhrvAlg0Trq3FhPneMtpZsxsZTf4=,0x34521bed3b3eb4c08223fb87b6fcc64718d994bc3312c13522a67b90fbfd1df6,Vexy Marketplace,gas_fees__feb_2025,Feb 2025,0.0005645416544166431
Peg1TbQF7DkRiJx5Kb1lOlbwr9lRiotJWzh5acZ06Z8=,0xdc8c675a16e135a3518852b240cde44e9105622473623bf86725a9abb8d18847,Get Mint,gas_fees__feb_2025,Feb 2025,0.007212256433258718
0eM1b8HKnTMw5hgzgPw3l3m4A4wwTQd/0e1rFWNPz8o=,0xd54e1032bf16d649f8f8f0a7da42a249966ad4a270b4c17b24ded1e32c97b2bf,NFTs2Me,gas_fees__feb_2025,Feb 2025,0.07737493879782065
rxrN8HnLLV8SOP3md3NfXpntywh7F7n5fuRMqFB3Upo=,0x4288aacdda65af69c03b2c9b9d057e2b93ed1b7671e481b03c6a7b33349d2365,Aerodrome Finance,gas_fees__feb_2025,Feb 2025,187.7054412110488
HWseNMpaGXySSUevj2VVHOyjIcwPrWDZaV1BEkOzPQg=,0xa09305aa57a60e362b11911666f6310f46c959ead9116333d2e7ca91aee180bf,Super Account,gas_fees__feb_2025,Feb 2025,0.00018187889515229098
c7vW2qABqwjRHtS3aEF1+uZeC9kqrKtd7Bv7sQiSS0s=,0xb9b7f1175044c211555b5589ee389263d2e455f99c1505e6b121cf6e3f5caaff,Based Onchain Dinos,gas_fees__feb_2025,Feb 2025,0.000104861786254287
OF1V6dVTQOyDRB5uGdm4yvqv6vkP4TlM22Q/wyrZUZI=,0x8f4ac538c2ad2092565a751354d1f11edf4eb3c1ab435de677d2545249f2b744,Fabrii2K,gas_fees__feb_2025,Feb 2025,1.6670516520000002e-07
igtO7r3BNEsM8PUwfeWPGcua331z+/D8tlSWUxIWqB4=,0xfa43f3b12992a9d3d7811ac876c9baa5a81bf9775abfc605e720ec0a90f67786,Metopia,gas_fees__feb_2025,Feb 2025,0.0011077389623096962
gUFAlmQjlPwJ47EfIYcW8OScZ5iHFZBD/TE4Mhx9WQc=,0x850df51e29f2846a5f085d88e6b6fc13fad51ad7161f8a825ed09d470668161a,Party.app + Party Protocol,gas_fees__feb_2025,Feb 2025,0.02939898233616882
xU438Viei8ELWQdDgR6NraNpkl1TUXbnHjaCd5NN0QA=,0x18923b60296e26a8ce35a0b4754cd6fd5427b2820a202f82901c826794fdbc9e,Sake,gas_fees__feb_2025,Feb 2025,16.650984761786514
VTFjeAN76kGnqTqKP+SMe2HPaIKY3wKvwo613l6OWN0=,0x098fca4a62159ddfc2c45dc2931a727d56f039b8f68e31222b927aaf2ce75b9e,pods.media,gas_fees__feb_2025,Feb 2025,1.4926410801162961
2NhWIeNvC8fOFWoX3/SsLCHtwifSk3TYSEagnfFthIk=,0xb26d9315cec30e60b52efd523c25a260c41d573458b246e60cf2de76eefd15a4,MintSwap Finance,gas_fees__feb_2025,Feb 2025,9.72327042227338
qk50KaCd7CHh7oEQjBIVuFDNPzANNpE3yaA2GCpB9Q4=,0xa45ebed9267cf10226c68abc98b1871bdfa611ee51050c161e316be1dbf7e696,Based Onchain Cubes,gas_fees__feb_2025,Feb 2025,5.554969413898301e-05
1JT70BN2/Rwx6aSj0KsAtMwm544c8iMGSkvndKJTFZ4=,0x7fe1f445a110236c7355b3abb2d7fe8c02e32f400253b9b134ad6ab7afc0f6fc,TapBase,gas_fees__feb_2025,Feb 2025,0.0028159994856548813
VC9dxEcF3J+NFOJK8oXbeYtOWMI3kyD/r5G+Z7nu2Bg=,0x07bbe4af3099fbf9f18fb4ac7078ee836c5d0d3cc2c29f192dd366455671e2a5,Guac (Farcaster),gas_fees__feb_2025,Feb 2025,5.554969413898301e-05
gw1/n9hvDoPA0W0U9NMZ74RsNSQViz+i6ArfdDqPn8E=,0x3d009f8f7c1e8a3bcbc81ca8ed60d2e86b956dd0fa68c4595f851be37052a2b5,Guild.xyz,gas_fees__feb_2025,Feb 2025,0.6305206010683532
wzX0MzHFlylzzHVBLRO8ZX30RYXbg4h3K8XwNrRmJos=,0x0b8acaf73a25ba1f64bf829f9678beb8b7edf825353ebea38085590d78d74d5d,Tokiemon,gas_fees__feb_2025,Feb 2025,0.4727464939025051
nckCvGKDs0P9bf7kRCdh2afi3oujVYloGf/8XipTY5M=,0x0d72f0fd9ca1d475f2fc199ebe456f80212d24d02d9dbabca6137442e61c5f3f,Infected,gas_fees__feb_2025,Feb 2025,15.767275344039614
Rfo5GCgPfxv8mAjJ09WxZZ5ZhlXm5XaUEcDBackrAk8=,0x512e27ae7e194a31bbde426c25d78b5d43916192674d71a0c4deeea1c622f166,motoDEX,gas_fees__feb_2025,Feb 2025,0.00038583940998653394
skDPKeyDWR3XcKKNuFPI/Ef65tIZxbNSiGZcZo376jQ=,0x6fc25d7c763441933c53333f0f9105b37cc74d88f21ef61b3b7eaf94cba45bfb,Amped Finance,gas_fees__feb_2025,Feb 2025,0.0005368916085040779
8Y5qG9yF+MFlTqxjDUfp0DOCIFutLjdvd6uwdZk+X2c=,0x5316b19c17eba417d70b924baa6a1c467b14069968424d14fcf1409f2a308873,Bored Town Launchpad,gas_fees__feb_2025,Feb 2025,3.4237896526699996e-07
rb2UtsHsdjrP44lrniVF9ja6m62SEPB0g39/O2m53U4=,0xb6a587b5b85b1c70847442e3b4a84cecfb55aedd286628a85fbb12770ceb7018,Travenesia,gas_fees__feb_2025,Feb 2025,5.911852287057e-05
CLooyJmWtPF9yQUB4BsGdmBM/qHmQIddyhAY91j/lkI=,0xe11a4f107e474ae204a45e4f674f6d422f2230c9675f9ebfba1eb2af217c2d1b,Eat The Pie,gas_fees__feb_2025,Feb 2025,7.379502602961999e-06
8Cgztczct8fnsJW6D2OQcFRY6nClKNyOC7Le0soED94=,0xaa1b878800206da24ee7297fb202ef98a6af0fb3ec298a65ba6b675cb4f4144b,Stepan's project,gas_fees__feb_2025,Feb 2025,5.663724528e-09
+Xyt1tUxrXrbR9UH3h/0BmCBJJpBDBuFyJFBdmt/U44=,0x46d819ee72e9b51fb0175286e6ade010776b39cdb56aee88bc9f39501050eb92,Team Finance,gas_fees__feb_2025,Feb 2025,0.0028531952371686565
4dqHjI/pEtyPjvZVF5KMQ2gz2K9ah7yeFGwbfXSpRxA=,0x1f60db63651f74e2fc8b3ff900d05142552a763c31caf3a8c8e62b0953f02bf2,SuperVol,gas_fees__feb_2025,Feb 2025,0.9495530117953673
57FvWwsyNX2cCoYXRlrD084qD9kG/nh1tYNWPswNSs0=,0x4d71401a0dbd9b3dd890fbc70baaf872d16db80af149e20f7ef1805fc94f6df6,Router Protocol,gas_fees__feb_2025,Feb 2025,0.15033905273780743
xOZNIZHXWrA+JWBmcsHybyHDy0WZy/gOyw1VaqAupG0=,0xff1edf67227651293a9cff4dce3577c6ca52bf8c7c6f5f133f07b05255379b27,Kelp,gas_fees__feb_2025,Feb 2025,0.0008319123143814235
Jr4krZ4lp1dMiTRDwmF2R9Hw4mF3rsukcBCM4pnF/fc=,0x9d9162fac637991d2a56da8fbe03dba24c87eb82d47c7a00b921e39e956f8a9d,Uniswap on Superchain (Oku),gas_fees__feb_2025,Feb 2025,294.56645128167753
lWJtSU1/x0pxa2x/PDlxUrIjG951wWu6c2WXiUCUKO4=,0xd3d00c946f62ac8cf49a85e3ab7d295d3b56f68d0b9f1fa4d595742fa372cf78,Compound Finance,gas_fees__feb_2025,Feb 2025,0.0651104767744379
MSfDkUunLKtfuMRdZuSxuemESQuIWKFCh1O6ySIEUs8=,0xb98778ca9ff41446e2bc304f7b5d27f0fa7c2bcd11df19e22d1352c06698a1f6,Account Abstraction - ERC-4337,gas_fees__feb_2025,Feb 2025,69.68545797360211
ParVcJYkCyRk+qO7XPmDbVj5aSgt31G8nCisCdN9fBg=,0xd4f0252e6ac2408099cd40d213fb6f42e8fa129b446d6e8da55e673598ef14c0,Moonwell,gas_fees__feb_2025,Feb 2025,0.7561419582111741
b7muW3E2hHlOFEZs7c+McXNU+W3S2DAxZdpAKlO4xgA=,0x8425bbc8232af955e04d40e708e489a37826ea0d503951368cb8fb8f489bdf14,Collectr,gas_fees__feb_2025,Feb 2025,0.000130531294651247
NLj2mhenkGEK3NfYV1RiiO/SkcD4s/WjJdxaH90crnI=,0xdf92f936b0ddd6c5a944d3e2be594168ea108b0909e510b955333c5ef0b40242,ethOS - The Ethereum Phone,gas_fees__feb_2025,Feb 2025,0.00021417855907589794
hD0YqnPkTkll8Q5jDDldaT6hXIYPwjtTsnR2B5cF6Dw=,0xf8e1a0a465eb42239f0c15651c658cd25e922880a3b5714949804034c57ace41,Womex,gas_fees__feb_2025,Feb 2025,0.004574702934548815
lRCVGOtHuZv3FlsKZQ/VwhC1NERgrSYVPYW8sSVpfLw=,0xda59222ef8b1cd429ad08e9d1ca90f38988834e74cf3439a780428b85e4788bd,Fit Club,gas_fees__feb_2025,Feb 2025,0.00640031899636247
7o3rQns2QxmMIyr/Lp6EXIqBE9mvqX+1V6tQ8g1t/MM=,0x000c2ce4773defb3010a58d3800d0ec9d432189c574ba26d3103f1db44a5af6d,WOOFi,gas_fees__feb_2025,Feb 2025,0.29931937861845603
b0ma4f7o65FUNGRC2R4eb8Fo7DB6imYfqrM3S0JQ4tc=,0x70ba3cb2e433f1cd9ace8aea84c46d167ba5db12293cd108eaca068d06be3a71,Gains Network (gTrade),gas_fees__feb_2025,Feb 2025,5.7354988885317235
1TLTRUof21yQ9U4hpzbBFOxsAYwtkoq1KsBpe3xQgtk=,0xc3a50c1784f3ac4fc8ae72d07cf0bfcf933e3d23ffb5a3ab46263182a098e617,remx.xyz,gas_fees__feb_2025,Feb 2025,0.0021699325175443757
H0Wcz4f5bYNrMNDSdwJt/pRqNRK2olM1vl2qk15M+4o=,0x4eaa0df4cfbda85126db57a231598d33c283b8aacf3a441539877ce7e17be22a,daos.world,contract_invocations__feb_2025,Feb 2025,48205.0
7o3rQns2QxmMIyr/Lp6EXIqBE9mvqX+1V6tQ8g1t/MM=,0x000c2ce4773defb3010a58d3800d0ec9d432189c574ba26d3103f1db44a5af6d,WOOFi,contract_invocations__feb_2025,Feb 2025,555022.0
sMEYAIHyC7RMbAjCcImJti3PrNJCoQPycDnIfVBvxiI=,0x482720e73e91229b5f7d5e2d80a54eb8a722309c26dba03355359788b18f4373,RubyScore,contract_invocations__feb_2025,Feb 2025,43127.0
XfpYvFk/xJ0pvTt79xWtRwuMnekQrcIH2Mflz97Lo3E=,0x2a2d2dbfa03619094fbeb6474776f2f3b5f6be443c8576abc6f3caa2c18dc45e,Morkie,contract_invocations__feb_2025,Feb 2025,56405.0
HWseNMpaGXySSUevj2VVHOyjIcwPrWDZaV1BEkOzPQg=,0xa09305aa57a60e362b11911666f6310f46c959ead9116333d2e7ca91aee180bf,Super Account,contract_invocations__feb_2025,Feb 2025,133697.0
sw8ehEEk8y0FK2GSDVnFLz7M9erX6RSQdSAgGDmiwEs=,0x517eaa9c56951de89261f2d7830ea49aae92f2a903104a17d9c5c2edd4959806,LI.FI,contract_invocations__feb_2025,Feb 2025,1758474.0
g4qi9EqhPO1tGvlPtWynCaP71tw4Gjrzc+UokJDZz2Y=,0x18e7582de42dd9a7fd2cb69fb6566b8bcb3e86b936b229b0c5af78fa1de791a4,DackieSwap,contract_invocations__feb_2025,Feb 2025,597315.0
ZpLND65a7Iy7VJrIjdjCjrQzAFi4JaJpkYeg3DJlrsE=,0x91a4420e2fcc8311e97dad480f201a8ce221f2cd64c2de77280cbcc6ce193752,Layer3,contract_invocations__feb_2025,Feb 2025,3208027.0
hD0YqnPkTkll8Q5jDDldaT6hXIYPwjtTsnR2B5cF6Dw=,0xf8e1a0a465eb42239f0c15651c658cd25e922880a3b5714949804034c57ace41,Womex,contract_invocations__feb_2025,Feb 2025,1911.0
LhmNJDpUL4rqmFhVZn3LA/7JHVuRJ56GF9HoGUUhzt0=,0xff350d81524a79a1062f5f4977b45406b822fb4f150ba5a8516b0edf876add0e,Hermes,contract_invocations__feb_2025,Feb 2025,113.0
x91Urxvh3gomZ6NPe6Ze1RC30INtlzy4nlOwvxwRQnw=,0xfd9f98de666c5b0a5ce96d4a4b8d4ceee9f8c2156734d57bf6c23d0cff183e90,Kim Exchange,contract_invocations__feb_2025,Feb 2025,431402.0
0IoaqfH0mkl61jIvWC/JWobbYPP2gn9rTTSuF2/Ydew=,0xafca3591b83586f14e21b397135b95af668f5ebb54cb45053af44a73df7d7640,Layerswap,contract_invocations__feb_2025,Feb 2025,33288.0
X6uKsuT8UV+j3gKV2WzBwPDTYt8fVFQsLDj1m5/Da7A=,0xf7669f10edbb4ca465f6a6b5ec7e90521a0011e8b3233c43e3cd0dd22633d67f,Human ID,contract_invocations__feb_2025,Feb 2025,58933.0
wXNHytnTdLtuJcPtRtlqIPJ9WtnN6qAM3GH/t0Uiuh4=,0x928dcd931ff2bc44a5d3b15c500adfbf8d3e3a89e4936823e0b3f053c38f978c,Hedgey,contract_invocations__feb_2025,Feb 2025,3317.0
vCa+wBp0799NJ8j9L6UgKxKmqiLT95Zk/aQX/hXty7c=,0x0ee3defac0e2a31b995bc073ac02a2140aaf01679e141eb8d1d80409f75f90ea,Mint Club,contract_invocations__feb_2025,Feb 2025,154108.0
93BBdChzOJAS6sfGob9PLuLiC+NwuB5EJVVW/DHQ2vM=,0x5b054742b09f8ce4092a15700ef9781520a6ff2928ba5ee09c78ad4dd8817b85,Kiwi News,contract_invocations__feb_2025,Feb 2025,411.0
EJUt2EJYkUW6syL+DvamNodWqwKtan54giN9q3uFecw=,0xe8833ceee8beb2b3fb0f7f2dcef576f6f9cf20e35d8e53324d71b0ed47b01982,SOCKET protocol,contract_invocations__feb_2025,Feb 2025,846534.0
c7vW2qABqwjRHtS3aEF1+uZeC9kqrKtd7Bv7sQiSS0s=,0xb9b7f1175044c211555b5589ee389263d2e455f99c1505e6b121cf6e3f5caaff,Based Onchain Dinos,contract_invocations__feb_2025,Feb 2025,442.0
1JT70BN2/Rwx6aSj0KsAtMwm544c8iMGSkvndKJTFZ4=,0x7fe1f445a110236c7355b3abb2d7fe8c02e32f400253b9b134ad6ab7afc0f6fc,TapBase,contract_invocations__feb_2025,Feb 2025,234.0
U+8BPKrK6j10zOy/OaelXzf16agGOaHKyf2N1g0e+BY=,0xc18c18bdc097d4c9158f37be7cac00b77b6abccbde70123954c31d07e1631d3d,Jamit,contract_invocations__feb_2025,Feb 2025,34599.0
xOZNIZHXWrA+JWBmcsHybyHDy0WZy/gOyw1VaqAupG0=,0xff1edf67227651293a9cff4dce3577c6ca52bf8c7c6f5f133f07b05255379b27,Kelp,contract_invocations__feb_2025,Feb 2025,53956.0
WvG0+xCgbgk6IN8ZUd/VRBFLGPobR5t0TCxeWWyBrYQ=,0x8595f830f4d1716621d19bca6394f304837133fb473d8fcd1699e84402df1409,SwapBased,contract_invocations__feb_2025,Feb 2025,720093.0
GPkPw2+sHiMSo0u65ZfnIeqLYHIGvf+ZI+BtpSZG6KE=,0x5c76f623580566171af2a9553e8b7b230acc71aeb8829446d5eae2579ecda369,WebHash.com,contract_invocations__feb_2025,Feb 2025,3163.0
Hkw3vi9Mx7OBvoKuyZ8MPOA5ZBX3Aj4wukrveVBmkh8=,0x41b2ae8a2ead458ff7c85549a9a11380353e1ae4b234666312d495326636f77a,Sushiswap,contract_invocations__feb_2025,Feb 2025,2337488.0
FT3wZj26UAebMH4ywu7oQvrie1GQSmu9aogl40bsCWQ=,0x0008577196fa6ec286440b418e2f6305fc10e62ce759625d826be272ee6b45a3,CreateX,contract_invocations__feb_2025,Feb 2025,87247.0
JvriFQ0NlFxB3+GIDPJQShc9f52TRc/cmOcLdzUPgL4=,0xffffeb1d3576c1e847701c225975ee1a10259e05366b477e98fea7a47c5e5896,Rainbow (Rainbow Router),contract_invocations__feb_2025,Feb 2025,46715.0
a71tbYAPlOpIwh4+Y591PqZ/kYIbS4qRRpQ8WH2w4oM=,0x3526b9c6fdc34076d7d2c31893b94e760f4d5a010387b6b76b45f8b5577ceb98,Gyroscope,contract_invocations__feb_2025,Feb 2025,401752.0
uAWTL5naoNXYNpp7weim8ypopqmN4+H9fO7/1wOjpeA=,0x800707befd6c94e7cea794200a6fee1155e54ca94bc10ee85d15c3f23845b10c,Ethereum Follow Protocol,contract_invocations__feb_2025,Feb 2025,17184.0
P3dU/62sTr3knh18S5WwzzLcKv9x57/A/r/Byn2LtPU=,0xdafc4d2a060c7d08913ceb05b19c4fe7fb6d93a7f5f1142642be939be16bf6e9,DNA Token,contract_invocations__feb_2025,Feb 2025,5459620.0
cAaBVZiIeQZu4fS3TLKB2SgqPCHj7MtzVq27nQZkmS8=,0x02065e72fe4eebfa1ebca19238e6147c8571c2b7fefae4e86e62ce768edceeb9,Exa App,contract_invocations__feb_2025,Feb 2025,106306.0
tEUQBjhYBdWaLRVt375K9avn6ysFWbvqZz85jmaPR2w=,0xf24315614063278ba3543e1717791132a9afa79b0e65baa01a85bcccbdfa215f,deBridge,contract_invocations__feb_2025,Feb 2025,215316.0
0MI7/f1TFue+ihXO4T7BeNCz3YWUeQH5klAKwkuswco=,0xf53963670e53dd0b7717dcee2cc92b370893944b742ac438a7d0da563d9209bd,InfoFinance,contract_invocations__feb_2025,Feb 2025,345.0
EiimK/OjLUXPLh91Eh3t7O5IPVEiNNykVTjSu2fbyx0=,0x533b2f5a5496206f22fc2fa7bf4343db0318c1b2598f9dd2098eacb42a8bae67,Chimpers,contract_invocations__feb_2025,Feb 2025,703.0
whSzne13utJrOkyjbU5X3xEuZbQPNrNOHTiQKzQFJlU=,0xb60780abaff82da08ddb98703d6792d806f03f190f6dcd7d0b8e7346533bd4eb,Web3bridge,contract_invocations__feb_2025,Feb 2025,1128.0
XLvkdswVcDHS98ET9dfOceXRGZFTzV/dYrPUB8DA2Bc=,0x96767e87a27cdb9798f40c3a6fd78e70da611afe53a5e45cbaafc50cae4ad0e7,Sonus Exchange,contract_invocations__feb_2025,Feb 2025,510069.0
gUFAlmQjlPwJ47EfIYcW8OScZ5iHFZBD/TE4Mhx9WQc=,0x850df51e29f2846a5f085d88e6b6fc13fad51ad7161f8a825ed09d470668161a,Party.app + Party Protocol,contract_invocations__feb_2025,Feb 2025,57598.0
JbP9BR4xjNu+yvhnSQkWqjlTW33drd+NLR8HY0uie84=,0xe5c133e05956a3939b9a78f4ad5d0a897a027da60a7d5e1b6276a2266211f69f,BMX,contract_invocations__feb_2025,Feb 2025,375055.0
zpXh+xI4A77C9Y/ortXA0jU/33Zj+QztUOpW3hJ+w8A=,0xe20f59eb1c8f9cb72e07b8d0f067bac997614fd6db06d8c031c5c9235f760dcc,L2Pass,contract_invocations__feb_2025,Feb 2025,1509.0
NdwYMf5FYV0V3mi7zOJ4ABpqc2klQTCimnNKCqvZ4z0=,0x491ffd3c2e4c25ab7fbdbefe0f5fc8dc2beee5ab801287b9c6c93c9c3c810463,SwapMode,contract_invocations__feb_2025,Feb 2025,473662.0
/2hjsm9xH1NvgIs/dHx5VOVM4ml/C6hfQu97wBgdpfo=,0xd35cc78b456bf11d4acc96d2c227b29fa4115ad9d93ae211a31974a408ed8303,Diffuse Data Feeds,contract_invocations__feb_2025,Feb 2025,49.0
jxyZJmCIfOjgmygX+xfrjrczCzVNGl6y/3qNAN+b/YI=,0x0674e95c746371103249c2c987d64515a4ed5c19dc3fd6a7338f7716ab8afeb4,SnakyCat,contract_invocations__feb_2025,Feb 2025,533.0
iHkkzr7r4TtJl1Pe3jRW6Le1xzeaou/GJe/x5F+VKcA=,0x5614d129eba060ce7d224e8e8f9f29aeddfdb572b0dd45edc81f18f5307bc01a,Send,contract_invocations__feb_2025,Feb 2025,314480.0
uYpXuxpTb33CBu9QsVmK2iE/4d47wpn9hHED3hEQRi4=,0xab21a3e2428a81b96eff96f345efe5e2673d8188c15d1346a5829d4f4fa5f3e5,Fundit.Fun,contract_invocations__feb_2025,Feb 2025,14.0
Rfo5GCgPfxv8mAjJ09WxZZ5ZhlXm5XaUEcDBackrAk8=,0x512e27ae7e194a31bbde426c25d78b5d43916192674d71a0c4deeea1c622f166,motoDEX,contract_invocations__feb_2025,Feb 2025,10.0
co0ICqxqrmJ9a1EsZhd2V7DDmDv1pfaIAxANttA9fBw=,0xc42d914c33ae90e388d0129dfcb43b0dcfe66272876b636830b9556d492f1a45,Mugen Craft,contract_invocations__feb_2025,Feb 2025,7.0
12zkxLUMRU5rtnRi6MToafW1bkyD3yn/ksFVk/OE3+0=,0xee345ddf96e54920ab4b32bf055b6324ca49dcce0063787137557de0a3b20d35,F1337,contract_invocations__feb_2025,Feb 2025,7.0
i7+GWX1oIywd4Pd5yL9aZAFhBIjY40c48Yg4BXFKW9o=,0x8efcf1b6e879bb6ec89d5982b8da840757053731b8972c4a07a6ce9b6ffcfc89,Blueshift.fi,defillama_tvl__feb_2025,Feb 2025,5802565.143222142
WvG0+xCgbgk6IN8ZUd/VRBFLGPobR5t0TCxeWWyBrYQ=,0x8595f830f4d1716621d19bca6394f304837133fb473d8fcd1699e84402df1409,SwapBased,defillama_tvl__feb_2025,Feb 2025,783191.4377678572
Hkw3vi9Mx7OBvoKuyZ8MPOA5ZBX3Aj4wukrveVBmkh8=,0x41b2ae8a2ead458ff7c85549a9a11380353e1ae4b234666312d495326636f77a,Sushiswap,defillama_tvl__feb_2025,Feb 2025,202779869.15593404
vCa+wBp0799NJ8j9L6UgKxKmqiLT95Zk/aQX/hXty7c=,0x0ee3defac0e2a31b995bc073ac02a2140aaf01679e141eb8d1d80409f75f90ea,Mint Club,defillama_tvl__feb_2025,Feb 2025,1213776.8342014274
5JISU2Dd3upAAQxpI6eEKNuI/pWdKGu5Z36klLtZvXc=,0xdc28e29764ca79368f426f106458f2c427392e32d088b04f4c372ab51b25d2cf,Meson Finance,defillama_tvl__feb_2025,Feb 2025,3214183.481535355
7EueslOSAcOTAgLquDFENtOlSVcp6+Ti4F4AJDjHiBg=,0xc8ce0bfc7cd141c57a816cce213471208a1f6136c7aed5282c2c41b434006518,Bedrock on Optimism Superchain,defillama_tvl__feb_2025,Feb 2025,606515929.5259451
kzVtJyjzFHc1PHeVOLOQBylRu9CEXQs0ViUbfhERY70=,0xf9513b5bfca3be3513450bd56b48ae485ce157aa56c1d8b2e06a68bce0b8d084,LeverageX by Javsphere,defillama_tvl__feb_2025,Feb 2025,6163387.28684107
5/9fRbVoDF7pHwBdiMbNUbKhidEt/12Ojt9f8cWoZnQ=,0x08df6e20a3cfabbaf8f34d4f4d048fe7da40447c24be0f3ad513db6f13c755dd,Velodrome Finance,defillama_tvl__feb_2025,Feb 2025,63472635.596471414
x91Urxvh3gomZ6NPe6Ze1RC30INtlzy4nlOwvxwRQnw=,0xfd9f98de666c5b0a5ce96d4a4b8d4ceee9f8c2156734d57bf6c23d0cff183e90,Kim Exchange,defillama_tvl__feb_2025,Feb 2025,2053229.4875325004
inHPXAwcpnmNnzuMDBO9CsDuph+M4UNF3XwNNhTpafs=,0x72723e07fe409557489a6643b43d9493a94c10ba68230b0527f01834cb6a550f,Across Protocol,defillama_tvl__feb_2025,Feb 2025,139166691.35137895
2NhWIeNvC8fOFWoX3/SsLCHtwifSk3TYSEagnfFthIk=,0xb26d9315cec30e60b52efd523c25a260c41d573458b246e60cf2de76eefd15a4,MintSwap Finance,defillama_tvl__feb_2025,Feb 2025,248691.70861464285
XLvkdswVcDHS98ET9dfOceXRGZFTzV/dYrPUB8DA2Bc=,0x96767e87a27cdb9798f40c3a6fd78e70da611afe53a5e45cbaafc50cae4ad0e7,Sonus Exchange,defillama_tvl__feb_2025,Feb 2025,124595.0667375
CFKotAGe0czMhAGy94iDJA4xQ48OLiKDZ9SfTsWvutE=,0xca3f26e1c876e821d2384a5cb699c6be494f9810301c2e2be49c232656262642,BaseSwap ,defillama_tvl__feb_2025,Feb 2025,3431861.0099475
Peg1TbQF7DkRiJx5Kb1lOlbwr9lRiotJWzh5acZ06Z8=,0xdc8c675a16e135a3518852b240cde44e9105622473623bf86725a9abb8d18847,Get Mint,active_addresses_aggregation__feb_2025,Feb 2025,52.607142857142854
JvriFQ0NlFxB3+GIDPJQShc9f52TRc/cmOcLdzUPgL4=,0xffffeb1d3576c1e847701c225975ee1a10259e05366b477e98fea7a47c5e5896,Rainbow (Rainbow Router),active_addresses_aggregation__feb_2025,Feb 2025,732.0357142857139
R1GLGswje04y83WJr2mIPpUxPl+F5hQCZaR19YyXhGA=,0x4b987d79912367ada6c3fa1bf6ad1daa6d164078f8c5efc8db2128b9231087a9,Sturdy,active_addresses_aggregation__feb_2025,Feb 2025,9.535714285714285
lRCVGOtHuZv3FlsKZQ/VwhC1NERgrSYVPYW8sSVpfLw=,0xda59222ef8b1cd429ad08e9d1ca90f38988834e74cf3439a780428b85e4788bd,Fit Club,active_addresses_aggregation__feb_2025,Feb 2025,20.928571428571427
rnCU69afAeJVsln1gXM1Pt6cMqD09FFS5C8Q38NWifM=,0x120cdd8e43ae1efbafdf02eda876e1952c05a52870c8d5a8f56d9ec0f79f586d,Passport XYZ | Gitcoin Passport,active_addresses_aggregation__feb_2025,Feb 2025,688.2857142857142
MSfDkUunLKtfuMRdZuSxuemESQuIWKFCh1O6ySIEUs8=,0xb98778ca9ff41446e2bc304f7b5d27f0fa7c2bcd11df19e22d1352c06698a1f6,Account Abstraction - ERC-4337,active_addresses_aggregation__feb_2025,Feb 2025,790.3214285714286
57FvWwsyNX2cCoYXRlrD084qD9kG/nh1tYNWPswNSs0=,0x4d71401a0dbd9b3dd890fbc70baaf872d16db80af149e20f7ef1805fc94f6df6,Router Protocol,active_addresses_aggregation__feb_2025,Feb 2025,544.7142857142857
tEUQBjhYBdWaLRVt375K9avn6ysFWbvqZz85jmaPR2w=,0xf24315614063278ba3543e1717791132a9afa79b0e65baa01a85bcccbdfa215f,deBridge,active_addresses_aggregation__feb_2025,Feb 2025,937.6071428571428
2NhWIeNvC8fOFWoX3/SsLCHtwifSk3TYSEagnfFthIk=,0xb26d9315cec30e60b52efd523c25a260c41d573458b246e60cf2de76eefd15a4,MintSwap Finance,active_addresses_aggregation__feb_2025,Feb 2025,537.1785714285714
1Ll7MLXCxNJFxQCuBEdRnRVk164keWjynVtQJF++xGU=,0x512f97f1de28ad530f752d53bf4f56ed16d34a3121f0512cd5a0485c2074b312,Extra Finance,active_addresses_aggregation__feb_2025,Feb 2025,793.142857142857
XLvkdswVcDHS98ET9dfOceXRGZFTzV/dYrPUB8DA2Bc=,0x96767e87a27cdb9798f40c3a6fd78e70da611afe53a5e45cbaafc50cae4ad0e7,Sonus Exchange,active_addresses_aggregation__feb_2025,Feb 2025,1481.1428571428567
D/phNjIkMkuESYi0XbICo299wHOagQbo2WSAyODxDp0=,0x62e37e96aa6e1cbfb6bd24b97c4b8f1e12cc3fe35d5388d2f041c42a12b40745,Stargate Finance,active_addresses_aggregation__feb_2025,Feb 2025,2184.75
+Xyt1tUxrXrbR9UH3h/0BmCBJJpBDBuFyJFBdmt/U44=,0x46d819ee72e9b51fb0175286e6ade010776b39cdb56aee88bc9f39501050eb92,Team Finance,active_addresses_aggregation__feb_2025,Feb 2025,21.21428571428571
HgZEmwMqbOcnLVW065exx9nhiBr6eoEA2any9TRsGfc=,0x780cf3d5aa4e3c94b8a4157f4b06a3f92ebcc20813585e20e3fe0271bf76b7a9,Virtuals Protocol,active_addresses_aggregation__feb_2025,Feb 2025,8049.035714285714
WvG0+xCgbgk6IN8ZUd/VRBFLGPobR5t0TCxeWWyBrYQ=,0x8595f830f4d1716621d19bca6394f304837133fb473d8fcd1699e84402df1409,SwapBased,active_addresses_aggregation__feb_2025,Feb 2025,198.60714285714292
JbP9BR4xjNu+yvhnSQkWqjlTW33drd+NLR8HY0uie84=,0xe5c133e05956a3939b9a78f4ad5d0a897a027da60a7d5e1b6276a2266211f69f,BMX,active_addresses_aggregation__feb_2025,Feb 2025,125.32142857142858
GPkPw2+sHiMSo0u65ZfnIeqLYHIGvf+ZI+BtpSZG6KE=,0x5c76f623580566171af2a9553e8b7b230acc71aeb8829446d5eae2579ecda369,WebHash.com,active_addresses_aggregation__feb_2025,Feb 2025,16.14285714285715
93BBdChzOJAS6sfGob9PLuLiC+NwuB5EJVVW/DHQ2vM=,0x5b054742b09f8ce4092a15700ef9781520a6ff2928ba5ee09c78ad4dd8817b85,Kiwi News,active_addresses_aggregation__feb_2025,Feb 2025,5.964285714285715
7Iv5H47guOZI+q3EgByroFWR0Dw7uoImhWPboCDC0FQ=,0x182f5a5c04ccdc4739ee9f362af72d7a0f55d6b410cc9dc2b52dc7f99f06f3f9,far.quest - Farcaster Super App,active_addresses_aggregation__feb_2025,Feb 2025,86.24999999999997
OVIxgHj4N8zf/sBSYEBssZf0Nyz6mCaIEJa0exm7PoM=,0x7974baaeef5e3af2e165a0911471ccddcb47d8ca74438558a89abb515aa64275,Krystal,active_addresses_aggregation__feb_2025,Feb 2025,165.85714285714283
ParVcJYkCyRk+qO7XPmDbVj5aSgt31G8nCisCdN9fBg=,0xd4f0252e6ac2408099cd40d213fb6f42e8fa129b446d6e8da55e673598ef14c0,Moonwell,active_addresses_aggregation__feb_2025,Feb 2025,1827.3214285714282
VC9dxEcF3J+NFOJK8oXbeYtOWMI3kyD/r5G+Z7nu2Bg=,0x07bbe4af3099fbf9f18fb4ac7078ee836c5d0d3cc2c29f192dd366455671e2a5,Guac (Farcaster),active_addresses_aggregation__feb_2025,Feb 2025,3.4642857142857135
Lgm8mST2VJg3Qtcvrd3ChAbGOEorxtFzO+k9eyJMgzA=,0xe13ef8130233ba5feca029110f3abf30cb33f7efe2d915ba7e536200b67fe0bf,Glo Dollar,active_addresses_aggregation__feb_2025,Feb 2025,13.107142857142856
x9MZObEzydNAk1HPdRO8azvLIkNL0gAIgOIvKthPIbs=,0x808b31862cec6dccf3894bb0e76ce4ca298e4c2820e2ccbf4816da740463b220,Fractal Visions,active_addresses_aggregation__feb_2025,Feb 2025,5663.285714285714
wBCRJMqM8KTnoqC0KsyDhf/hW7HF0wFgU9+ZacWz66E=,0x692340d3ec51f53411126f8247003e2b87b113cfdf4a322b4e38d6bbe5822c5f,MemeWallet,active_addresses_aggregation__feb_2025,Feb 2025,0.9285714285714284
0MI7/f1TFue+ihXO4T7BeNCz3YWUeQH5klAKwkuswco=,0xf53963670e53dd0b7717dcee2cc92b370893944b742ac438a7d0da563d9209bd,InfoFinance,active_addresses_aggregation__feb_2025,Feb 2025,0.9999999999999997
WCwKOQkL47c1qQ2wVcJ1IcpLMGIXmFHflr4UVQsagVM=,0x513265758a3804184b6a0771d99c1a4b04d3267bacd4b914e89ff991de229f6a,Create2Deployer,active_addresses_aggregation__feb_2025,Feb 2025,93.21428571428572
b7muW3E2hHlOFEZs7c+McXNU+W3S2DAxZdpAKlO4xgA=,0x8425bbc8232af955e04d40e708e489a37826ea0d503951368cb8fb8f489bdf14,Collectr,active_addresses_aggregation__feb_2025,Feb 2025,1.8928571428571428
VuCrFAWDzI1K7USE+kh9ECxcEa/iG9eVHG6EMS/8iS4=,0x6435c8574014275b1d554a3ab9dd85f775fa3563258ce855d6aeb07e7918f6e5,Hypersub,active_addresses_aggregation__feb_2025,Feb 2025,45.67857142857142
K8y2l5sctus7C4k9W4DfdC+e1OC01pqrvTROnUpMkgk=,0x8997fa34367532a9072ca36c424498162980303a8d36fc49d58c5ac7daac9311,VRNouns,active_addresses_aggregation__feb_2025,Feb 2025,0.8928571428571427
91qfxPoeZBT6hPZrVLYcaDcgwMNG5MDH77cGiTtBxyQ=,0x70624cd9a8be4ead96e5097025eb645b9848e2643e5025a4006dee2cff1a4138,WAGMI,active_addresses_aggregation__feb_2025,Feb 2025,267.7857142857142
l5D8eaAKqeJb+R8Q94GmrcZiPuwEgmZjQK8GKQiIYDk=,0x867b0364ac86ff4cc61a47ee99a0f96c8b952af8728442a048f7e3ac5892aae9,Gaslite Drop,active_addresses_aggregation__feb_2025,Feb 2025,7.3571428571428585
hle+N3YM5tghdfpBxLGwU6k4Bo8wDYIbcCehL36wclE=,0xb41e32621e56fbe7d89052f3c852ff70c6bfe21ba5a91910ef2fd548eb6e4e8a,Mintify,active_addresses_aggregation__feb_2025,Feb 2025,1.642857142857143
whSzne13utJrOkyjbU5X3xEuZbQPNrNOHTiQKzQFJlU=,0xb60780abaff82da08ddb98703d6792d806f03f190f6dcd7d0b8e7346533bd4eb,Web3bridge,active_addresses_aggregation__feb_2025,Feb 2025,17.785714285714285
BXpAWjeSIrRWSlHT561SHU4JKO3BHpomlfoXzuQvE0o=,0xd17c16ed0ff3c31ae81ae9af4070a2150db0be538cabcb720c67cc5f221d3965,World Billboard,active_addresses_aggregation__feb_2025,Feb 2025,0.4642857142857142
zVWBMiOJHTeEPXEgWSl1B+tsS8W9vwfv2QU32ANB8yY=,0xae3efd865f9584671ede5e94c83190b0aea5ac5d77eb0179ba849bcaae314546,Base Logos,active_addresses_aggregation__feb_2025,Feb 2025,1.2500000000000002
iNNzyDb1b6aPQ291ha6SmzQdeiZctC/fFM3CohvMmXI=,0xdce84cb69d195ad28d7dcf878c7b43b284b7f5c2d2df5c0bc0f1e6d486bad786,JOOCE,active_addresses_aggregation__feb_2025,Feb 2025,19.92857142857143
VTFjeAN76kGnqTqKP+SMe2HPaIKY3wKvwo613l6OWN0=,0x098fca4a62159ddfc2c45dc2931a727d56f039b8f68e31222b927aaf2ce75b9e,pods.media,active_addresses_aggregation__feb_2025,Feb 2025,674.4285714285713
gUFAlmQjlPwJ47EfIYcW8OScZ5iHFZBD/TE4Mhx9WQc=,0x850df51e29f2846a5f085d88e6b6fc13fad51ad7161f8a825ed09d470668161a,Party.app + Party Protocol,active_addresses_aggregation__feb_2025,Feb 2025,470.8571428571428
f9XY1drAwGvq0ipsMBC3S+hi/BnAOW9s7YSx7LA0qq8=,0x1d3ec77661554ddaeab18519930b218ba5185016a0e770ce4664a831a1eef7f4,Larry,active_addresses_aggregation__feb_2025,Feb 2025,4.321428571428571
RxZsvgAlu4U6NJPHoDaURU2dSy/x7ey1UKzAk3pahTE=,0x2c41bf7b4d36a344881581e20ecb2929d38c3415fffa4bf65f81ae049dfb2e72,PUF,active_addresses_aggregation__feb_2025,Feb 2025,6.464285714285714
vCa+wBp0799NJ8j9L6UgKxKmqiLT95Zk/aQX/hXty7c=,0x0ee3defac0e2a31b995bc073ac02a2140aaf01679e141eb8d1d80409f75f90ea,Mint Club,active_addresses_aggregation__feb_2025,Feb 2025,877.6428571428575
P3dU/62sTr3knh18S5WwzzLcKv9x57/A/r/Byn2LtPU=,0xdafc4d2a060c7d08913ceb05b19c4fe7fb6d93a7f5f1142642be939be16bf6e9,DNA Token,active_addresses_aggregation__feb_2025,Feb 2025,6.178571428571429
Xrci3TfxGk1fFof+fNzWx6Had1yDlmU1CoHHRvzLMGo=,0x7fd813000c03bd11fdf3ded76a3b46db355218c72947acea7f14871a5b0a9258,Satoshi's Secret,active_addresses_aggregation__feb_2025,Feb 2025,5.321428571428571
Qh14iOZBPtSPGbuqtJ8wIL11rSdu0gBx6RvzUt9V9sI=,0x913ca97cfc8b587734059e4df9cc6de28ef590727e13e1b30ae9a57bea881731,April Token,active_addresses_aggregation__feb_2025,Feb 2025,1.3214285714285716
WTkrSKGFE/NJQ8Aw/49PoV7EkJpIxlRdws/Mq4Do5RE=,0xd774790974f07c7c5130903d47ae885f0f3415f0c8ee1bee9c4b17ed2faaafaa,create.party.app,active_addresses_aggregation__feb_2025,Feb 2025,2.821428571428572
jxyZJmCIfOjgmygX+xfrjrczCzVNGl6y/3qNAN+b/YI=,0x0674e95c746371103249c2c987d64515a4ed5c19dc3fd6a7338f7716ab8afeb4,SnakyCat,active_addresses_aggregation__feb_2025,Feb 2025,3.214285714285714
8Y5qG9yF+MFlTqxjDUfp0DOCIFutLjdvd6uwdZk+X2c=,0x5316b19c17eba417d70b924baa6a1c467b14069968424d14fcf1409f2a308873,Bored Town Launchpad,active_addresses_aggregation__feb_2025,Feb 2025,0.17857142857142855
iMLtNGxl570+RXnqdRC64uLu7ZtFLxImZ5Bj1zIEVls=,0x156641d6720964c32e4491c0deaf83a424ec3af5e7df8cc0c93a794e5205a7e0,Harvest.art,active_addresses_aggregation__feb_2025,Feb 2025,0.10714285714285714
eQqgI+0QbOMFFc7BRVNZGqxKr1lvAGNLl3Sr1/VEKuo=,0xe672c4e1230d7870e73e2ba6a9c5389f321dde735289bf33575e163a6ea2f00f,Got Vision,gas_fees__feb_2025,Feb 2025,7.379502602961999e-06
AZ2Cqzo/nAUqbj7th1e993Xfpf7qvT2WvHlomSZQ78o=,0xa2a580dae44336df1cbcb7a5303880f393068fb96116e10e180e10f5745dccd4,fxhash / $fxh,gas_fees__feb_2025,Feb 2025,0.002787925859196102
1Ll7MLXCxNJFxQCuBEdRnRVk164keWjynVtQJF++xGU=,0x512f97f1de28ad530f752d53bf4f56ed16d34a3121f0512cd5a0485c2074b312,Extra Finance,gas_fees__feb_2025,Feb 2025,2.205639246740209
HgZEmwMqbOcnLVW065exx9nhiBr6eoEA2any9TRsGfc=,0x780cf3d5aa4e3c94b8a4157f4b06a3f92ebcc20813585e20e3fe0271bf76b7a9,Virtuals Protocol,gas_fees__feb_2025,Feb 2025,8.66321780754756
x9MZObEzydNAk1HPdRO8azvLIkNL0gAIgOIvKthPIbs=,0x808b31862cec6dccf3894bb0e76ce4ca298e4c2820e2ccbf4816da740463b220,Fractal Visions,gas_fees__feb_2025,Feb 2025,2.6446277471525055
0L11pj/6WGXOemNtNgE7vay5aRrGaEJ9WPG5YP9Xts4=,0x55c2b578a1e34fbbc872dd8736b8e7dda4c87d12522db966f1bf3e75af900f13,WorldPot,gas_fees__feb_2025,Feb 2025,0.42179999999999984
wBCRJMqM8KTnoqC0KsyDhf/hW7HF0wFgU9+ZacWz66E=,0x692340d3ec51f53411126f8247003e2b87b113cfdf4a322b4e38d6bbe5822c5f,MemeWallet,gas_fees__feb_2025,Feb 2025,0.000170811254333161
kzVtJyjzFHc1PHeVOLOQBylRu9CEXQs0ViUbfhERY70=,0xf9513b5bfca3be3513450bd56b48ae485ce157aa56c1d8b2e06a68bce0b8d084,LeverageX by Javsphere,gas_fees__feb_2025,Feb 2025,1.043544332914717
jOnKrCSU5myGHe3ICVGoabpmdtZ+V8gcqRisDpepqCc=,0x4775f0b321dfa33f32ca86c677c1516d24d4803f6f6ac12e6e0c2dd0d98ac80a,CREDITONCHAIN,gas_fees__feb_2025,Feb 2025,0.0002598488347304218
umhKsF0TiR5L7wQeq75Nt/yOXWrKLbyuYJBGNtT6Ces=,0xf1358b33be174954b454aebca311fc83753dc1d8c743e25c829091ccd69fedd0,Tiny Based Frogs,gas_fees__feb_2025,Feb 2025,5.554969413898301e-05
CFKotAGe0czMhAGy94iDJA4xQ48OLiKDZ9SfTsWvutE=,0xca3f26e1c876e821d2384a5cb699c6be494f9810301c2e2be49c232656262642,BaseSwap ,gas_fees__feb_2025,Feb 2025,0.11222043203148402
i7+GWX1oIywd4Pd5yL9aZAFhBIjY40c48Yg4BXFKW9o=,0x8efcf1b6e879bb6ec89d5982b8da840757053731b8972c4a07a6ce9b6ffcfc89,Blueshift.fi,gas_fees__feb_2025,Feb 2025,0.003413229258808748
gShBUgODnfUHQo2svXnecUd6kG22drV+Og4nxdq/82k=,0x2c1d2ae68e4a718a04a41f1a9fde1ed0648602e08c150e3f72d3dc7ef22dd71a,GM,gas_fees__feb_2025,Feb 2025,1.386126840567349
mdb4FjuCCmOI5Tc+xwDeXfQd/1Nm2o7JZy8ZHzlxC9o=,0x259b729af86ba38c0c84be9b739dfbca109a6df985371d8cabd43116d18d7a1a,Flaunch,gas_fees__feb_2025,Feb 2025,0.23823751743126506
93BBdChzOJAS6sfGob9PLuLiC+NwuB5EJVVW/DHQ2vM=,0x5b054742b09f8ce4092a15700ef9781520a6ff2928ba5ee09c78ad4dd8817b85,Kiwi News,gas_fees__feb_2025,Feb 2025,9.946517881145e-06
/Hxq4RTbKkeetoxVgusMQJX3vx6CFQQU8oZccJFAvmg=,0xeecfa614f020c2ea4c2eb431246befedf35ddc6c52cfaa83d0c4caf2f580f9f4,doginme memecoin,gas_fees__feb_2025,Feb 2025,0.02099980559598106
NdwYMf5FYV0V3mi7zOJ4ABpqc2klQTCimnNKCqvZ4z0=,0x491ffd3c2e4c25ab7fbdbefe0f5fc8dc2beee5ab801287b9c6c93c9c3c810463,SwapMode,gas_fees__feb_2025,Feb 2025,0.003260985396124053
BXpAWjeSIrRWSlHT561SHU4JKO3BHpomlfoXzuQvE0o=,0xd17c16ed0ff3c31ae81ae9af4070a2150db0be538cabcb720c67cc5f221d3965,World Billboard,gas_fees__feb_2025,Feb 2025,1.3883379116169999e-06
uYpXuxpTb33CBu9QsVmK2iE/4d47wpn9hHED3hEQRi4=,0xab21a3e2428a81b96eff96f345efe5e2673d8188c15d1346a5829d4f4fa5f3e5,Fundit.Fun,gas_fees__feb_2025,Feb 2025,0.000324185038614699
iMLtNGxl570+RXnqdRC64uLu7ZtFLxImZ5Bj1zIEVls=,0x156641d6720964c32e4491c0deaf83a424ec3af5e7df8cc0c93a794e5205a7e0,Harvest.art,gas_fees__feb_2025,Feb 2025,3.045826147522e-06
SUaETe9RSmxA6e5SBseHYYZJylEoxPRSMrdjhHoh55I=,0x92f33d0611c514cafbf54780ec7925a6080a37a192683444c30116cb099d95e7,PinSave,gas_fees__feb_2025,Feb 2025,1.9456780629600001e-07
zCbuxTOy64SbO/+l0E7LtLS2VMhiw+1o0eedXw2s/ao=,0x991062ec81edb818a542e45d7c142cc62bc06e68b582273bd2ae1b037c2d6791,Titan Layer,contract_invocations__feb_2025,Feb 2025,2.0
xyqCuzyp2siN+L8QgwpvSjTruF2y+tvB++HwqdWDFXY=,0xa1f96576ad998e804140caccd478bae81b8b1059a107166df87b59fbf42c9e4a,OnChainGM,gas_fees__feb_2025,Feb 2025,2.3055603235340043
fN+LFwTxCdNTzXYD1xfU/hGSxIMv9/pSE/AQlo7GzVM=,0xf4e56e0c6654d6ef621191708f27ee20242462f541d3e79dc5512e1a10d90736,Eggs Vault,gas_fees__feb_2025,Feb 2025,0.0010844558367912502
WvG0+xCgbgk6IN8ZUd/VRBFLGPobR5t0TCxeWWyBrYQ=,0x8595f830f4d1716621d19bca6394f304837133fb473d8fcd1699e84402df1409,SwapBased,gas_fees__feb_2025,Feb 2025,0.15230347606338981
VsbnIqH0Z8ErW7VixsMTGcLVf45E645bcxAVcD/KZT0=,0x3061b642db56c507e265f03029735b0413a613bda43456a31e78128baeb18754,Aave,gas_fees__feb_2025,Feb 2025,2.0117503062522055
gqAHXIAEt3c1wcx3zIvyc+StftbLzXh5j2GSHeePfBo=,0xa6e21a58b178cdfd073df12288b8edf761b595c2938b81c64e40c944a1403432,Spectra Finance,gas_fees__feb_2025,Feb 2025,0.004231609275033027
Js09gjzwO4g6aeV2Fb+ZNlHypJc4DlUozk3enNLotIc=,0xcbfdcf8f724d73504d1518d5ecd7d7256b12d37e68cd84569b383bfb6e2eeea4,Dmail Network,gas_fees__feb_2025,Feb 2025,0.9494737074263936
vCa+wBp0799NJ8j9L6UgKxKmqiLT95Zk/aQX/hXty7c=,0x0ee3defac0e2a31b995bc073ac02a2140aaf01679e141eb8d1d80409f75f90ea,Mint Club,gas_fees__feb_2025,Feb 2025,0.07660116169505561
5/9fRbVoDF7pHwBdiMbNUbKhidEt/12Ojt9f8cWoZnQ=,0x08df6e20a3cfabbaf8f34d4f4d048fe7da40447c24be0f3ad513db6f13c755dd,Velodrome Finance,gas_fees__feb_2025,Feb 2025,46.100677839408725
x91Urxvh3gomZ6NPe6Ze1RC30INtlzy4nlOwvxwRQnw=,0xfd9f98de666c5b0a5ce96d4a4b8d4ceee9f8c2156734d57bf6c23d0cff183e90,Kim Exchange,gas_fees__feb_2025,Feb 2025,0.004220027840284266
FT3wZj26UAebMH4ywu7oQvrie1GQSmu9aogl40bsCWQ=,0x0008577196fa6ec286440b418e2f6305fc10e62ce759625d826be272ee6b45a3,CreateX,gas_fees__feb_2025,Feb 2025,0.3199103420190397
EWGl5CyDKCdw2krkHJwc8V1FoELaCSXGUis9SHr2+fs=,0xd765664dd27255f1ba341fbb3375439a57fb6a92313df2f7af7856233f415ed7,Linkdrop,gas_fees__feb_2025,Feb 2025,0.057246972165463955
X6uKsuT8UV+j3gKV2WzBwPDTYt8fVFQsLDj1m5/Da7A=,0xf7669f10edbb4ca465f6a6b5ec7e90521a0011e8b3233c43e3cd0dd22633d67f,Human ID,gas_fees__feb_2025,Feb 2025,0.2331237168800409
0MI7/f1TFue+ihXO4T7BeNCz3YWUeQH5klAKwkuswco=,0xf53963670e53dd0b7717dcee2cc92b370893944b742ac438a7d0da563d9209bd,InfoFinance,gas_fees__feb_2025,Feb 2025,0.42179999999999984
8KoGcAjv//eKoINV7i7nOfZwp7lSOd8rO+wr18AGDOQ=,0x558ad0914eaf21a4965b2e4b7fef4cd66ef9d5bb861c5c42f4795a9e4614df71,Chonks,gas_fees__feb_2025,Feb 2025,0.02586488145886926
Hkw3vi9Mx7OBvoKuyZ8MPOA5ZBX3Aj4wukrveVBmkh8=,0x41b2ae8a2ead458ff7c85549a9a11380353e1ae4b234666312d495326636f77a,Sushiswap,gas_fees__feb_2025,Feb 2025,0.5447544519210483
E9yoTCB99+LE9wbUKkODvnBEt275ZlNATXDdKnFLQbQ=,0x5be59dc0909b4da309af49cd207bfd84aa172475abefdaa3bc8442625b723ec3,TAIKAI,gas_fees__feb_2025,Feb 2025,7.008363015239999e-06
dk1gwy0G/dP9SOcyolL+bfgPQJ0ngqXF6ro9qyQdGwo=,0xf9ebb0464e7162627ab3de5fe03a21c879e932233e1453f2139c2126eb93f72e,Air3,gas_fees__feb_2025,Feb 2025,0.0006383223754822081
XLvkdswVcDHS98ET9dfOceXRGZFTzV/dYrPUB8DA2Bc=,0x96767e87a27cdb9798f40c3a6fd78e70da611afe53a5e45cbaafc50cae4ad0e7,Sonus Exchange,gas_fees__feb_2025,Feb 2025,4.661877510222509
LLK6remJzmNWYHJv5LsqViPMz+6FR4LML+t1E9V62WQ=,0xdd5998cc29bcd164fe277beb1e64f1fb28390886bc736a218fca0369537c719f,Records.xyz,gas_fees__feb_2025,Feb 2025,0.000672795654282098
FfXoEN2YNayzuwjlJN2xtQWdP5War/J/3WLgkc8sX6s=,0xd7a8e115b2b3772d7d5656d7798e349dcdedf2463302c78528c9e9686ab4efe3,OmniHub,gas_fees__feb_2025,Feb 2025,0.3838892562116658
EJUt2EJYkUW6syL+DvamNodWqwKtan54giN9q3uFecw=,0xe8833ceee8beb2b3fb0f7f2dcef576f6f9cf20e35d8e53324d71b0ed47b01982,SOCKET protocol,gas_fees__feb_2025,Feb 2025,0.6266561598242676
LLK6remJzmNWYHJv5LsqViPMz+6FR4LML+t1E9V62WQ=,0xdd5998cc29bcd164fe277beb1e64f1fb28390886bc736a218fca0369537c719f,Records.xyz,contract_invocations__feb_2025,Feb 2025,65.0
qORdAv/JC4no/SKjJY5GbK3FSmUyOyhSl0oXKsJ6B6g=,0x24ff0fb2933e55b169a80d9bd35a00a7011795387717b27445ccdc0f8660d740,OpenOcean,contract_invocations__feb_2025,Feb 2025,919284.0
lRCVGOtHuZv3FlsKZQ/VwhC1NERgrSYVPYW8sSVpfLw=,0xda59222ef8b1cd429ad08e9d1ca90f38988834e74cf3439a780428b85e4788bd,Fit Club,contract_invocations__feb_2025,Feb 2025,24619.0
rnCU69afAeJVsln1gXM1Pt6cMqD09FFS5C8Q38NWifM=,0x120cdd8e43ae1efbafdf02eda876e1952c05a52870c8d5a8f56d9ec0f79f586d,Passport XYZ | Gitcoin Passport,contract_invocations__feb_2025,Feb 2025,87750.0
sf0AvWU1WZLtC4wh/FDYTRU3hyXTux1NqPmabzUABnc=,0x15b210abdc6acfd99e60255792b2b78714f4e8c92c4c5e91b898d48d046212a4,MiniBridge,contract_invocations__feb_2025,Feb 2025,4883.0
R/s1bYEjmNlJ2C9XthjT1evUQ14obvGzmvmaIcTiSNY=,0x44ca2c89a912ec7e3f2a38aaecde63044fcaa3024839eb628081a3bcba9c0490,DackieVerse,contract_invocations__feb_2025,Feb 2025,537.0
Js09gjzwO4g6aeV2Fb+ZNlHypJc4DlUozk3enNLotIc=,0xcbfdcf8f724d73504d1518d5ecd7d7256b12d37e68cd84569b383bfb6e2eeea4,Dmail Network,contract_invocations__feb_2025,Feb 2025,301743.0
Lgm8mST2VJg3Qtcvrd3ChAbGOEorxtFzO+k9eyJMgzA=,0xe13ef8130233ba5feca029110f3abf30cb33f7efe2d915ba7e536200b67fe0bf,Glo Dollar,contract_invocations__feb_2025,Feb 2025,9951.0
ParVcJYkCyRk+qO7XPmDbVj5aSgt31G8nCisCdN9fBg=,0xd4f0252e6ac2408099cd40d213fb6f42e8fa129b446d6e8da55e673598ef14c0,Moonwell,contract_invocations__feb_2025,Feb 2025,1166387.0
VC9dxEcF3J+NFOJK8oXbeYtOWMI3kyD/r5G+Z7nu2Bg=,0x07bbe4af3099fbf9f18fb4ac7078ee836c5d0d3cc2c29f192dd366455671e2a5,Guac (Farcaster),contract_invocations__feb_2025,Feb 2025,211.0
lNJHwxmG3SQnN5oVhrvAlg0Trq3FhPneMtpZsxsZTf4=,0x34521bed3b3eb4c08223fb87b6fcc64718d994bc3312c13522a67b90fbfd1df6,Vexy Marketplace,contract_invocations__feb_2025,Feb 2025,434.0
xyqCuzyp2siN+L8QgwpvSjTruF2y+tvB++HwqdWDFXY=,0xa1f96576ad998e804140caccd478bae81b8b1059a107166df87b59fbf42c9e4a,OnChainGM,contract_invocations__feb_2025,Feb 2025,53345.0
iNNzyDb1b6aPQ291ha6SmzQdeiZctC/fFM3CohvMmXI=,0xdce84cb69d195ad28d7dcf878c7b43b284b7f5c2d2df5c0bc0f1e6d486bad786,JOOCE,contract_invocations__feb_2025,Feb 2025,3977.0
ujotQ1D+YnXHFVrSwoa3pj8b5jOvXNPF0rfALNIG5GI=,0xe95adf2385dce0a2d8117a410d0a9adcc40710da9cd6d5abdfcb66454a80e59b,tinyass unicorns,contract_invocations__feb_2025,Feb 2025,260.0
hle+N3YM5tghdfpBxLGwU6k4Bo8wDYIbcCehL36wclE=,0xb41e32621e56fbe7d89052f3c852ff70c6bfe21ba5a91910ef2fd548eb6e4e8a,Mintify,contract_invocations__feb_2025,Feb 2025,150.0
igtO7r3BNEsM8PUwfeWPGcua331z+/D8tlSWUxIWqB4=,0xfa43f3b12992a9d3d7811ac876c9baa5a81bf9775abfc605e720ec0a90f67786,Metopia,contract_invocations__feb_2025,Feb 2025,879.0
7EueslOSAcOTAgLquDFENtOlSVcp6+Ti4F4AJDjHiBg=,0xc8ce0bfc7cd141c57a816cce213471208a1f6136c7aed5282c2c41b434006518,Bedrock on Optimism Superchain,contract_invocations__feb_2025,Feb 2025,42591.0
+Xyt1tUxrXrbR9UH3h/0BmCBJJpBDBuFyJFBdmt/U44=,0x46d819ee72e9b51fb0175286e6ade010776b39cdb56aee88bc9f39501050eb92,Team Finance,contract_invocations__feb_2025,Feb 2025,1671.0
inHPXAwcpnmNnzuMDBO9CsDuph+M4UNF3XwNNhTpafs=,0x72723e07fe409557489a6643b43d9493a94c10ba68230b0527f01834cb6a550f,Across Protocol,contract_invocations__feb_2025,Feb 2025,2045339.0
x9MZObEzydNAk1HPdRO8azvLIkNL0gAIgOIvKthPIbs=,0x808b31862cec6dccf3894bb0e76ce4ca298e4c2820e2ccbf4816da740463b220,Fractal Visions,contract_invocations__feb_2025,Feb 2025,232351.0
1TLTRUof21yQ9U4hpzbBFOxsAYwtkoq1KsBpe3xQgtk=,0xc3a50c1784f3ac4fc8ae72d07cf0bfcf933e3d23ffb5a3ab46263182a098e617,remx.xyz,contract_invocations__feb_2025,Feb 2025,166917.0
gShBUgODnfUHQo2svXnecUd6kG22drV+Og4nxdq/82k=,0x2c1d2ae68e4a718a04a41f1a9fde1ed0648602e08c150e3f72d3dc7ef22dd71a,GM,contract_invocations__feb_2025,Feb 2025,1830400.0
Peg1TbQF7DkRiJx5Kb1lOlbwr9lRiotJWzh5acZ06Z8=,0xdc8c675a16e135a3518852b240cde44e9105622473623bf86725a9abb8d18847,Get Mint,contract_invocations__feb_2025,Feb 2025,3734.0
gqAHXIAEt3c1wcx3zIvyc+StftbLzXh5j2GSHeePfBo=,0xa6e21a58b178cdfd073df12288b8edf761b595c2938b81c64e40c944a1403432,Spectra Finance,contract_invocations__feb_2025,Feb 2025,922.0
bDxpkfd5t/ov2xAQJgRxa1+8NHWM85j0W90gc6Nls1c=,0xda8c593717693ef30f5c62fc2689709784324cfb9b5fe92c9db3a47f596791e5,Morpho ,contract_invocations__feb_2025,Feb 2025,854083.0
g2gW16kX/8gl4n71esfphgWmt4r2COs4Bc9cGM9025Q=,0x7262ed9c020b3b41ac7ba405aab4ff37575f8b6f975ebed2e65554a08419f8f4,Sablier,contract_invocations__feb_2025,Feb 2025,16220.0
qk50KaCd7CHh7oEQjBIVuFDNPzANNpE3yaA2GCpB9Q4=,0xa45ebed9267cf10226c68abc98b1871bdfa611ee51050c161e316be1dbf7e696,Based Onchain Cubes,contract_invocations__feb_2025,Feb 2025,211.0
Jr4krZ4lp1dMiTRDwmF2R9Hw4mF3rsukcBCM4pnF/fc=,0x9d9162fac637991d2a56da8fbe03dba24c87eb82d47c7a00b921e39e956f8a9d,Uniswap on Superchain (Oku),contract_invocations__feb_2025,Feb 2025,34088579.0
D9n+rXQGt9BVQ/3Ta/BbgMaWPiAH0K+6s+mPnoVHH6E=,0xf87906563da69538c969ba438f127ce5f2196e76c84c9026ab6dafc4280b6be3,PHI,contract_invocations__feb_2025,Feb 2025,14825.0
2NhWIeNvC8fOFWoX3/SsLCHtwifSk3TYSEagnfFthIk=,0xb26d9315cec30e60b52efd523c25a260c41d573458b246e60cf2de76eefd15a4,MintSwap Finance,contract_invocations__feb_2025,Feb 2025,206088.0
b7muW3E2hHlOFEZs7c+McXNU+W3S2DAxZdpAKlO4xgA=,0x8425bbc8232af955e04d40e708e489a37826ea0d503951368cb8fb8f489bdf14,Collectr,contract_invocations__feb_2025,Feb 2025,274.0
zdNq7Cvjqx03oRiL22rCANVA7/8MBGaoc3InNwm3LCA=,0xb620f012eb197e5661f65c1a5aee6a4bbb43629f0056879ae4dc66adf8383ae3,ORB,contract_invocations__feb_2025,Feb 2025,275363.0
b0ma4f7o65FUNGRC2R4eb8Fo7DB6imYfqrM3S0JQ4tc=,0x70ba3cb2e433f1cd9ace8aea84c46d167ba5db12293cd108eaca068d06be3a71,Gains Network (gTrade),contract_invocations__feb_2025,Feb 2025,1205597.0
E9yoTCB99+LE9wbUKkODvnBEt275ZlNATXDdKnFLQbQ=,0x5be59dc0909b4da309af49cd207bfd84aa172475abefdaa3bc8442625b723ec3,TAIKAI,contract_invocations__feb_2025,Feb 2025,27.0
jOnKrCSU5myGHe3ICVGoabpmdtZ+V8gcqRisDpepqCc=,0x4775f0b321dfa33f32ca86c677c1516d24d4803f6f6ac12e6e0c2dd0d98ac80a,CREDITONCHAIN,contract_invocations__feb_2025,Feb 2025,462.0
cTfk+RW4AUsig6i213MsTu+SdMtKCv63qOLCX1M091g=,0x40ee6048c99aefd288f6133db207849d0951fe6b62afa1cca0db5a4ad7f558de,ORO,contract_invocations__feb_2025,Feb 2025,4943373.0
ZALEuKWY71Qcj7Tlf8hFHl8XmmlMlST+Cu1ztrue/Xg=,0x76a797e0221710bcbaa35e3bda042e6f62d11af7796ea90dca306114538b527c,Stepan's demo project,contract_invocations__feb_2025,Feb 2025,3811.0
umhKsF0TiR5L7wQeq75Nt/yOXWrKLbyuYJBGNtT6Ces=,0xf1358b33be174954b454aebca311fc83753dc1d8c743e25c829091ccd69fedd0,Tiny Based Frogs,contract_invocations__feb_2025,Feb 2025,211.0
91qfxPoeZBT6hPZrVLYcaDcgwMNG5MDH77cGiTtBxyQ=,0x70624cd9a8be4ead96e5097025eb645b9848e2643e5025a4006dee2cff1a4138,WAGMI,contract_invocations__feb_2025,Feb 2025,303283.0
HgZEmwMqbOcnLVW065exx9nhiBr6eoEA2any9TRsGfc=,0x780cf3d5aa4e3c94b8a4157f4b06a3f92ebcc20813585e20e3fe0271bf76b7a9,Virtuals Protocol,contract_invocations__feb_2025,Feb 2025,11853654.0
WHFAB3T/+twwBk665nB9w6CsvlhsOEpfPMTT+AfOcmY=,0x7eb6ba7a1057659d04ec414446c1b32509bf57704958139266c7120903446ad6,Pinto Protocol,contract_invocations__feb_2025,Feb 2025,469885.0
2d1UftVv4xC+BHialsxoPjC1WJDySvOpnH9o+3sQFYc=,0x85bef37b528ec9d7e1a9cb864e298e3c117071507acd3f522c28561435d167f5,rhinofi,contract_invocations__feb_2025,Feb 2025,27335.0
VTFjeAN76kGnqTqKP+SMe2HPaIKY3wKvwo613l6OWN0=,0x098fca4a62159ddfc2c45dc2931a727d56f039b8f68e31222b927aaf2ce75b9e,pods.media,contract_invocations__feb_2025,Feb 2025,62557.0
8Cgztczct8fnsJW6D2OQcFRY6nClKNyOC7Le0soED94=,0xaa1b878800206da24ee7297fb202ef98a6af0fb3ec298a65ba6b675cb4f4144b,Stepan's project,contract_invocations__feb_2025,Feb 2025,3811.0
RxZsvgAlu4U6NJPHoDaURU2dSy/x7ey1UKzAk3pahTE=,0x2c41bf7b4d36a344881581e20ecb2929d38c3415fffa4bf65f81ae049dfb2e72,PUF,contract_invocations__feb_2025,Feb 2025,1829511.0
xU438Viei8ELWQdDgR6NraNpkl1TUXbnHjaCd5NN0QA=,0x18923b60296e26a8ce35a0b4754cd6fd5427b2820a202f82901c826794fdbc9e,Sake,contract_invocations__feb_2025,Feb 2025,11638538.0
7Iv5H47guOZI+q3EgByroFWR0Dw7uoImhWPboCDC0FQ=,0x182f5a5c04ccdc4739ee9f362af72d7a0f55d6b410cc9dc2b52dc7f99f06f3f9,far.quest - Farcaster Super App,contract_invocations__feb_2025,Feb 2025,7053.0
Xrci3TfxGk1fFof+fNzWx6Had1yDlmU1CoHHRvzLMGo=,0x7fd813000c03bd11fdf3ded76a3b46db355218c72947acea7f14871a5b0a9258,Satoshi's Secret,contract_invocations__feb_2025,Feb 2025,173.0
nrBN5UU9cny2/KPrQFVI7k6AOnIRr7gYok3UIwdpq6c=,0x3ecbf66c1b21342b26acb0f7d4c6b8bbbef168ffafff3f425de3503fd8dfa535,Superfluid,contract_invocations__feb_2025,Feb 2025,954626.0
Vbt0Je/QVMzwz2kXjZhu4hCHrfa5JmL17azwgy9pDRY=,0xc938557155993da8f33857e52d7deb04421d1bb341fc24216563aae64fe32d36,BSX,contract_invocations__feb_2025,Feb 2025,171133.0
skDPKeyDWR3XcKKNuFPI/Ef65tIZxbNSiGZcZo376jQ=,0x6fc25d7c763441933c53333f0f9105b37cc74d88f21ef61b3b7eaf94cba45bfb,Amped Finance,contract_invocations__feb_2025,Feb 2025,4516.0
qpgChJsGqtFnDQQU8CdZ8Ab5N/OjV4xdwEw5irdZl4A=,0xdba6f6be6f7cddd6b7f291292ab4179ad4dbe92fc8a85612f76dc67fc480a8a9,LasMeta,contract_invocations__feb_2025,Feb 2025,53485.0
rb2UtsHsdjrP44lrniVF9ja6m62SEPB0g39/O2m53U4=,0xb6a587b5b85b1c70847442e3b4a84cecfb55aedd286628a85fbb12770ceb7018,Travenesia,contract_invocations__feb_2025,Feb 2025,9.0
SUaETe9RSmxA6e5SBseHYYZJylEoxPRSMrdjhHoh55I=,0x92f33d0611c514cafbf54780ec7925a6080a37a192683444c30116cb099d95e7,PinSave,contract_invocations__feb_2025,Feb 2025,2.0
Jr4krZ4lp1dMiTRDwmF2R9Hw4mF3rsukcBCM4pnF/fc=,0x9d9162fac637991d2a56da8fbe03dba24c87eb82d47c7a00b921e39e956f8a9d,Uniswap on Superchain (Oku),defillama_tvl__feb_2025,Feb 2025,4898696907.718421
xOZNIZHXWrA+JWBmcsHybyHDy0WZy/gOyw1VaqAupG0=,0xff1edf67227651293a9cff4dce3577c6ca52bf8c7c6f5f133f07b05255379b27,Kelp,defillama_tvl__feb_2025,Feb 2025,1550680703.0033977
a71tbYAPlOpIwh4+Y591PqZ/kYIbS4qRRpQ8WH2w4oM=,0x3526b9c6fdc34076d7d2c31893b94e760f4d5a010387b6b76b45f8b5577ceb98,Gyroscope,defillama_tvl__feb_2025,Feb 2025,42205301.38957607
skDPKeyDWR3XcKKNuFPI/Ef65tIZxbNSiGZcZo376jQ=,0x6fc25d7c763441933c53333f0f9105b37cc74d88f21ef61b3b7eaf94cba45bfb,Amped Finance,defillama_tvl__feb_2025,Feb 2025,172560.9748985714
lWJtSU1/x0pxa2x/PDlxUrIjG951wWu6c2WXiUCUKO4=,0xd3d00c946f62ac8cf49a85e3ab7d295d3b56f68d0b9f1fa4d595742fa372cf78,Compound Finance,defillama_tvl__feb_2025,Feb 2025,2650301572.87149
r3lF/NNRd0zzZXI+9kT2/r0rohb1fra20npNdnPi/ys=,0x9c691ba3012549259099205cc1a7ca4d09d9b7a24a1b7b821b52c7bf1c9b89f4,Origin Protocol,defillama_tvl__feb_2025,Feb 2025,134718776.99837637
NdwYMf5FYV0V3mi7zOJ4ABpqc2klQTCimnNKCqvZ4z0=,0x491ffd3c2e4c25ab7fbdbefe0f5fc8dc2beee5ab801287b9c6c93c9c3c810463,SwapMode,defillama_tvl__feb_2025,Feb 2025,234565.9266567857
r3lF/NNRd0zzZXI+9kT2/r0rohb1fra20npNdnPi/ys=,0x9c691ba3012549259099205cc1a7ca4d09d9b7a24a1b7b821b52c7bf1c9b89f4,Origin Protocol,active_addresses_aggregation__feb_2025,Feb 2025,55.892857142857146
sMEYAIHyC7RMbAjCcImJti3PrNJCoQPycDnIfVBvxiI=,0x482720e73e91229b5f7d5e2d80a54eb8a722309c26dba03355359788b18f4373,RubyScore,active_addresses_aggregation__feb_2025,Feb 2025,1052.357142857143
R/s1bYEjmNlJ2C9XthjT1evUQ14obvGzmvmaIcTiSNY=,0x44ca2c89a912ec7e3f2a38aaecde63044fcaa3024839eb628081a3bcba9c0490,DackieVerse,active_addresses_aggregation__feb_2025,Feb 2025,6.82142857142857
5JISU2Dd3upAAQxpI6eEKNuI/pWdKGu5Z36klLtZvXc=,0xdc28e29764ca79368f426f106458f2c427392e32d088b04f4c372ab51b25d2cf,Meson Finance,active_addresses_aggregation__feb_2025,Feb 2025,65.71428571428575
qORdAv/JC4no/SKjJY5GbK3FSmUyOyhSl0oXKsJ6B6g=,0x24ff0fb2933e55b169a80d9bd35a00a7011795387717b27445ccdc0f8660d740,OpenOcean,active_addresses_aggregation__feb_2025,Feb 2025,746.2857142857147
Ze2CblnBaz2Apm6a00KjwAZ7N4K5yxDUpXlK+mDkwJw=,0xa88844cea135382e3484e39c3172033437121b35ca0bc8b10b9b8253984876b5,Ethereum Attestation Service (EAS),active_addresses_aggregation__feb_2025,Feb 2025,31.21428571428571
EJUt2EJYkUW6syL+DvamNodWqwKtan54giN9q3uFecw=,0xe8833ceee8beb2b3fb0f7f2dcef576f6f9cf20e35d8e53324d71b0ed47b01982,SOCKET protocol,active_addresses_aggregation__feb_2025,Feb 2025,4690.464285714287
E9yoTCB99+LE9wbUKkODvnBEt275ZlNATXDdKnFLQbQ=,0x5be59dc0909b4da309af49cd207bfd84aa172475abefdaa3bc8442625b723ec3,TAIKAI,active_addresses_aggregation__feb_2025,Feb 2025,0.39285714285714274
2d1UftVv4xC+BHialsxoPjC1WJDySvOpnH9o+3sQFYc=,0x85bef37b528ec9d7e1a9cb864e298e3c117071507acd3f522c28561435d167f5,rhinofi,active_addresses_aggregation__feb_2025,Feb 2025,454.89285714285705
gw1/n9hvDoPA0W0U9NMZ74RsNSQViz+i6ArfdDqPn8E=,0x3d009f8f7c1e8a3bcbc81ca8ed60d2e86b956dd0fa68c4595f851be37052a2b5,Guild.xyz,active_addresses_aggregation__feb_2025,Feb 2025,2193.25
LLK6remJzmNWYHJv5LsqViPMz+6FR4LML+t1E9V62WQ=,0xdd5998cc29bcd164fe277beb1e64f1fb28390886bc736a218fca0369537c719f,Records.xyz,active_addresses_aggregation__feb_2025,Feb 2025,0.7857142857142855
g2gW16kX/8gl4n71esfphgWmt4r2COs4Bc9cGM9025Q=,0x7262ed9c020b3b41ac7ba405aab4ff37575f8b6f975ebed2e65554a08419f8f4,Sablier,active_addresses_aggregation__feb_2025,Feb 2025,186.07142857142858
xU438Viei8ELWQdDgR6NraNpkl1TUXbnHjaCd5NN0QA=,0x18923b60296e26a8ce35a0b4754cd6fd5427b2820a202f82901c826794fdbc9e,Sake,active_addresses_aggregation__feb_2025,Feb 2025,11524.285714285712
ZYxDUEvRWLmr9Tpf2u0ztP2fVUg0H0NLROMVdJQNDRM=,0x260127629089be48b8b1ee07c8962451a7f54374163217c7e72188d1ffc8749f,BakerFi,active_addresses_aggregation__feb_2025,Feb 2025,2.0357142857142856
X6uKsuT8UV+j3gKV2WzBwPDTYt8fVFQsLDj1m5/Da7A=,0xf7669f10edbb4ca465f6a6b5ec7e90521a0011e8b3233c43e3cd0dd22633d67f,Human ID,active_addresses_aggregation__feb_2025,Feb 2025,2.0000000000000004
umhKsF0TiR5L7wQeq75Nt/yOXWrKLbyuYJBGNtT6Ces=,0xf1358b33be174954b454aebca311fc83753dc1d8c743e25c829091ccd69fedd0,Tiny Based Frogs,active_addresses_aggregation__feb_2025,Feb 2025,3.4642857142857135
ujotQ1D+YnXHFVrSwoa3pj8b5jOvXNPF0rfALNIG5GI=,0xe95adf2385dce0a2d8117a410d0a9adcc40710da9cd6d5abdfcb66454a80e59b,tinyass unicorns,active_addresses_aggregation__feb_2025,Feb 2025,4.107142857142857
nckCvGKDs0P9bf7kRCdh2afi3oujVYloGf/8XipTY5M=,0x0d72f0fd9ca1d475f2fc199ebe456f80212d24d02d9dbabca6137442e61c5f3f,Infected,active_addresses_aggregation__feb_2025,Feb 2025,119.75
0L11pj/6WGXOemNtNgE7vay5aRrGaEJ9WPG5YP9Xts4=,0x55c2b578a1e34fbbc872dd8736b8e7dda4c87d12522db966f1bf3e75af900f13,WorldPot,active_addresses_aggregation__feb_2025,Feb 2025,0.9999999999999997
Hkw3vi9Mx7OBvoKuyZ8MPOA5ZBX3Aj4wukrveVBmkh8=,0x41b2ae8a2ead458ff7c85549a9a11380353e1ae4b234666312d495326636f77a,Sushiswap,active_addresses_aggregation__feb_2025,Feb 2025,206.75000000000003
g4qi9EqhPO1tGvlPtWynCaP71tw4Gjrzc+UokJDZz2Y=,0x18e7582de42dd9a7fd2cb69fb6566b8bcb3e86b936b229b0c5af78fa1de791a4,DackieSwap,active_addresses_aggregation__feb_2025,Feb 2025,59.03571428571428
wXNHytnTdLtuJcPtRtlqIPJ9WtnN6qAM3GH/t0Uiuh4=,0x928dcd931ff2bc44a5d3b15c500adfbf8d3e3a89e4936823e0b3f053c38f978c,Hedgey,active_addresses_aggregation__feb_2025,Feb 2025,94.42857142857144
lWJtSU1/x0pxa2x/PDlxUrIjG951wWu6c2WXiUCUKO4=,0xd3d00c946f62ac8cf49a85e3ab7d295d3b56f68d0b9f1fa4d595742fa372cf78,Compound Finance,active_addresses_aggregation__feb_2025,Feb 2025,776.1428571428571
wzX0MzHFlylzzHVBLRO8ZX30RYXbg4h3K8XwNrRmJos=,0x0b8acaf73a25ba1f64bf829f9678beb8b7edf825353ebea38085590d78d74d5d,Tokiemon,active_addresses_aggregation__feb_2025,Feb 2025,1027.3928571428573
jB/Odn2EzRAIVyyhY7eTBdOtrWdBQr1Bn9QFSaJc6uQ=,0xc6203aeab9c0b7346ca9bcb36a2db50c7823908fd66ad61913a53ad6dbc77192,ZKP2P,active_addresses_aggregation__feb_2025,Feb 2025,10.857142857142858
qk50KaCd7CHh7oEQjBIVuFDNPzANNpE3yaA2GCpB9Q4=,0xa45ebed9267cf10226c68abc98b1871bdfa611ee51050c161e316be1dbf7e696,Based Onchain Cubes,active_addresses_aggregation__feb_2025,Feb 2025,3.4642857142857135
yHC4i4mkg5sXaXOF4Mih0UyHDYVS7+0+9zuqnDFvClY=,0x8f7edabd00cd8a9bc0065eec465bd3d97ebe3f4632c8d3d52b336a9bc1d8fb3a,SuperSwap,active_addresses_aggregation__feb_2025,Feb 2025,605.3928571428571
uYpXuxpTb33CBu9QsVmK2iE/4d47wpn9hHED3hEQRi4=,0xab21a3e2428a81b96eff96f345efe5e2673d8188c15d1346a5829d4f4fa5f3e5,Fundit.Fun,active_addresses_aggregation__feb_2025,Feb 2025,0.17857142857142855
tnIsq+BWiIkXbY18UI8L609BBs89EO4o+MJ3+hmFsAA=,0x9e50828e261179c6d1a5c107c7c2c16907b4b529fef416f64af781c5b2ff29d1,Amazing Hunt,active_addresses_aggregation__feb_2025,Feb 2025,0.6428571428571427
D9n+rXQGt9BVQ/3Ta/BbgMaWPiAH0K+6s+mPnoVHH6E=,0xf87906563da69538c969ba438f127ce5f2196e76c84c9026ab6dafc4280b6be3,PHI,active_addresses_aggregation__feb_2025,Feb 2025,36.07142857142857
CLooyJmWtPF9yQUB4BsGdmBM/qHmQIddyhAY91j/lkI=,0xe11a4f107e474ae204a45e4f674f6d422f2230c9675f9ebfba1eb2af217c2d1b,Eat The Pie,active_addresses_aggregation__feb_2025,Feb 2025,0.39285714285714274
c7vW2qABqwjRHtS3aEF1+uZeC9kqrKtd7Bv7sQiSS0s=,0xb9b7f1175044c211555b5589ee389263d2e455f99c1505e6b121cf6e3f5caaff,Based Onchain Dinos,active_addresses_aggregation__feb_2025,Feb 2025,4.035714285714286
LhmNJDpUL4rqmFhVZn3LA/7JHVuRJ56GF9HoGUUhzt0=,0xff350d81524a79a1062f5f4977b45406b822fb4f150ba5a8516b0edf876add0e,Hermes,active_addresses_aggregation__feb_2025,Feb 2025,0.9642857142857141
eQqgI+0QbOMFFc7BRVNZGqxKr1lvAGNLl3Sr1/VEKuo=,0xe672c4e1230d7870e73e2ba6a9c5389f321dde735289bf33575e163a6ea2f00f,Got Vision,active_addresses_aggregation__feb_2025,Feb 2025,0.3928571428571428
fUkDvtE6aGHLHs9dfhp8rzhhzh7uintrSaO61/OVooU=,0x2cb7fb23e5d066f65a80a09b2eab34d76bbac06de1af16c31dcf2e54119639c3,Smellcheckmate,active_addresses_aggregation__feb_2025,Feb 2025,0.07142857142857142
aWuNB+5mklnapGsyBMh4Igpdl8e6JeGAFQW0cp1KN14=,0xc0901c8f9503f0bf91a1cca0c6c90e55af8719cc2237fb4a0bf0770b307cbd11,Basepaint,gas_fees__feb_2025,Feb 2025,0.015270807355396283
nrBN5UU9cny2/KPrQFVI7k6AOnIRr7gYok3UIwdpq6c=,0x3ecbf66c1b21342b26acb0f7d4c6b8bbbef168ffafff3f425de3503fd8dfa535,Superfluid,gas_fees__feb_2025,Feb 2025,0.5256362525343856
g2gW16kX/8gl4n71esfphgWmt4r2COs4Bc9cGM9025Q=,0x7262ed9c020b3b41ac7ba405aab4ff37575f8b6f975ebed2e65554a08419f8f4,Sablier,gas_fees__feb_2025,Feb 2025,0.19604213221860825
Ev7dKCphBYkf+NNT80NfBdyEIVWwBZc/1xctF4i+V2A=,0xfe8e35b3487bd0e0457b9431b12b73403ca1f5c9c19dd1db81a2317c97c1e1a2,Stoke Fire,gas_fees__feb_2025,Feb 2025,6.589564182934087
zdNq7Cvjqx03oRiL22rCANVA7/8MBGaoc3InNwm3LCA=,0xb620f012eb197e5661f65c1a5aee6a4bbb43629f0056879ae4dc66adf8383ae3,ORB,gas_fees__feb_2025,Feb 2025,8.016077592521e-06
jB/Odn2EzRAIVyyhY7eTBdOtrWdBQr1Bn9QFSaJc6uQ=,0xc6203aeab9c0b7346ca9bcb36a2db50c7823908fd66ad61913a53ad6dbc77192,ZKP2P,gas_fees__feb_2025,Feb 2025,0.004820302199817703
P3dU/62sTr3knh18S5WwzzLcKv9x57/A/r/Byn2LtPU=,0xdafc4d2a060c7d08913ceb05b19c4fe7fb6d93a7f5f1142642be939be16bf6e9,DNA Token,gas_fees__feb_2025,Feb 2025,0.0013623289197134982
cAaBVZiIeQZu4fS3TLKB2SgqPCHj7MtzVq27nQZkmS8=,0x02065e72fe4eebfa1ebca19238e6147c8571c2b7fefae4e86e62ce768edceeb9,Exa App,gas_fees__feb_2025,Feb 2025,0.11598657764533739
hle+N3YM5tghdfpBxLGwU6k4Bo8wDYIbcCehL36wclE=,0xb41e32621e56fbe7d89052f3c852ff70c6bfe21ba5a91910ef2fd548eb6e4e8a,Mintify,gas_fees__feb_2025,Feb 2025,8.8434804324073e-05
w5IsGVcdo+bpiRrYuOuxPpNKmmWP+fKCDDRKWF0fuMY=,0x2e0e80846b4d52b126f3c9a20a01876bbcb80de67befe916870c5d8736af6c2a,Builder Score,gas_fees__feb_2025,Feb 2025,0.07341434353640215
RxZsvgAlu4U6NJPHoDaURU2dSy/x7ey1UKzAk3pahTE=,0x2c41bf7b4d36a344881581e20ecb2929d38c3415fffa4bf65f81ae049dfb2e72,PUF,gas_fees__feb_2025,Feb 2025,0.0008948845894241053
7EueslOSAcOTAgLquDFENtOlSVcp6+Ti4F4AJDjHiBg=,0xc8ce0bfc7cd141c57a816cce213471208a1f6136c7aed5282c2c41b434006518,Bedrock on Optimism Superchain,gas_fees__feb_2025,Feb 2025,0.0023943382393192773
f9XY1drAwGvq0ipsMBC3S+hi/BnAOW9s7YSx7LA0qq8=,0x1d3ec77661554ddaeab18519930b218ba5185016a0e770ce4664a831a1eef7f4,Larry,gas_fees__feb_2025,Feb 2025,0.0002500428831592801
U+8BPKrK6j10zOy/OaelXzf16agGOaHKyf2N1g0e+BY=,0xc18c18bdc097d4c9158f37be7cac00b77b6abccbde70123954c31d07e1631d3d,Jamit,gas_fees__feb_2025,Feb 2025,0.12683894660043987
shVzoDEk43o/o3eLSpahwHfj/tn5zrcHqS8SYUzufrA=,0x17192aa9ad034d44d99abdcea664c21532e69f865eb7824d10db09e94e7418da,HAMsters,gas_fees__feb_2025,Feb 2025,0.011910067097472558
r3lF/NNRd0zzZXI+9kT2/r0rohb1fra20npNdnPi/ys=,0x9c691ba3012549259099205cc1a7ca4d09d9b7a24a1b7b821b52c7bf1c9b89f4,Origin Protocol,gas_fees__feb_2025,Feb 2025,0.002463946829037284
qpgChJsGqtFnDQQU8CdZ8Ab5N/OjV4xdwEw5irdZl4A=,0xdba6f6be6f7cddd6b7f291292ab4179ad4dbe92fc8a85612f76dc67fc480a8a9,LasMeta,gas_fees__feb_2025,Feb 2025,1.3267871958461093
iHkkzr7r4TtJl1Pe3jRW6Le1xzeaou/GJe/x5F+VKcA=,0x5614d129eba060ce7d224e8e8f9f29aeddfdb572b0dd45edc81f18f5307bc01a,Send,gas_fees__feb_2025,Feb 2025,0.006580610148825663
WHFAB3T/+twwBk665nB9w6CsvlhsOEpfPMTT+AfOcmY=,0x7eb6ba7a1057659d04ec414446c1b32509bf57704958139266c7120903446ad6,Pinto Protocol,gas_fees__feb_2025,Feb 2025,0.729387509867648
LhmNJDpUL4rqmFhVZn3LA/7JHVuRJ56GF9HoGUUhzt0=,0xff350d81524a79a1062f5f4977b45406b822fb4f150ba5a8516b0edf876add0e,Hermes,gas_fees__feb_2025,Feb 2025,9.8144587134572e-05
fUkDvtE6aGHLHs9dfhp8rzhhzh7uintrSaO61/OVooU=,0x2cb7fb23e5d066f65a80a09b2eab34d76bbac06de1af16c31dcf2e54119639c3,Smellcheckmate,gas_fees__feb_2025,Feb 2025,0.013750012535693
co0ICqxqrmJ9a1EsZhd2V7DDmDv1pfaIAxANttA9fBw=,0xc42d914c33ae90e388d0129dfcb43b0dcfe66272876b636830b9556d492f1a45,Mugen Craft,gas_fees__feb_2025,Feb 2025,1.445967658203e-06
FtR3yU/WmvB77sgIAosTTO8ZpYKa4lUQU9iXu5XQjWI=,0xe2ef3fbfd10df401a0221939359e96af29805db8936c1199ae7532262c69ec5f,The Button,gas_fees__feb_2025,Feb 2025,5.4372437388e-08
ZALEuKWY71Qcj7Tlf8hFHl8XmmlMlST+Cu1ztrue/Xg=,0x76a797e0221710bcbaa35e3bda042e6f62d11af7796ea90dca306114538b527c,Stepan's demo project,gas_fees__feb_2025,Feb 2025,5.663724528e-09
